codigo,nome,populacao,idhm,rdpc,seca,enchente,calor,ameaca,capacidade,peso,cluster,arquetipo,ameaca_futura,tendencia
2900108,Abaíra,8681,0.603,290.53,0.47698120449621506,0.10719397790017685,0.5075873467715435,0.7823692728684191,0.397,0.003069751334341192,0,Seca (sertao) (baixa),0.8551069324575653,Estavel
2900207,Abaré,20594,0.575,220.16,0.8790202654788608,0.08223355487719439,0.18215328578406217,0.9204756476377826,0.42500000000000004,0.003540668411034189,0,Seca (sertao) (baixa),0.6204756476377826,Melhorando
2900306,Acajutiba,15214,0.582,260.46,0.2923460962244943,0.6913120741204193,0.1634021864725319,0.10231102603001815,0.41800000000000004,0.00039548865212892133,1,Enchente / chuva extrema (moderada),0.0,Estavel
2900355,Adustina,17209,0.546,211.37,0.5426980890023754,0.30916073553948653,0.32989115318760487,0.6063131781797398,0.45399999999999996,0.0022857062650048846,0,Seca (sertao) (baixa),0.5062560415998614,Estavel
2900405,Água Fria,17096,0.55,215.12,0.5752016059329269,0.1363563525540625,0.48713030017879294,0.8172758025762047,0.44999999999999996,0.0030895018245689866,0,Seca (sertao) (baixa),0.7711991072049711,Estavel
2900504,Érico Cardoso,10513,0.584,258.28,0.5103768152883027,0.20951983609242603,0.5291422534622386,0.7420585737379667,0.41600000000000004,0.00287251795135371,0,Seca (sertao) (baixa),0.7958876106755877,Estavel
2900603,Aiquara,4387,0.583,283.24,0.42213532614468574,0.17886238923450967,0.17044337105742272,0.5488327967633544,0.41700000000000004,0.002123039248347209,0,Seca (sertao) (baixa),0.5035540312856488,Estavel
2900702,Alagoinhas,153023,0.683,553.17,0.38171323699448567,0.3864717688280283,0.31221930684871485,0.43916823291482054,0.31699999999999995,0.0018278180450630658,3,Enchente / chuva extrema (baixa),0.23099255173482056,Estavel
2900801,Alcobaça,22509,0.608,357.99,0.3875328629424573,0.7197021309206008,0.2918113287886145,0.20090728909414604,0.392,0.0007911234828726638,1,Enchente / chuva extrema (moderada),0.2793199311825644,Agravando
2900900,Almadina,5273,0.563,265.39,0.3192076403090277,0.5387144490612364,0.5525513775238252,0.39691379692612894,0.43700000000000006,0.0015140047748123722,1,Enchente / chuva extrema (moderada),0.42577409176143866,Estavel
2901007,Amargosa,37631,0.625,369.84,0.3802025145316317,0.24620497548261502,0.24540973017602813,0.5070837189537432,0.375,0.002021458296602898,0,Seca (sertao) (baixa),0.29045326417620115,Estavel
2901106,Amélia Rodrigues,24997,0.666,354.66,0.37479463280149017,0.2511680732001035,0.357672415934151,0.5491921182699784,0.33399999999999996,0.0022566088329343354,3,Enchente / chuva extrema (baixa),0.3131490745271731,Estavel
2901155,América Dourada,16086,0.561,186.1,0.8817155865230741,0.3054267111625996,0.48386486355718333,0.8980948900649715,0.43899999999999995,0.003420969868031495,2,Seca (sertao) (moderada),0.856107809874532,Estavel
2901205,Anagé,21229,0.54,243.52,0.5774401267515454,0.2747190989873511,0.573007039359449,0.7595111567346975,0.45999999999999996,0.0028514720530081164,2,Seca (sertao) (moderada),0.7436586413062471,Estavel
2901304,Andaraí,13122,0.555,230.36,0.327132634246321,0.6495352506864198,0.13663162747955207,0.14258536000153038,0.44499999999999995,0.0005408725075311345,1,Enchente / chuva extrema (moderada),0.0,Estavel
2901353,Andorinha,14416,0.588,305.81,0.7141478830523597,0.2613249215758623,0.611084806692257,0.874982851235564,0.41200000000000003,0.0033966645774346277,2,Seca (sertao) (moderada),0.879337142901896,Estavel
2901403,Angical,13902,0.625,266.89,0.817378701156213,0.395034273949697,0.7036952735149383,0.8894937950504742,0.375,0.0035459127252034715,2,Seca (sertao) (moderada),1.0,Estavel
2901502,Anguera,11369,0.589,269.0,0.47630442340541607,0.11341665739613674,0.4358754626797243,0.7461964534102922,0.41100000000000003,0.0028987715100417815,0,Seca (sertao) (baixa),0.5213118898034862,Estavel
2901601,Antas,19659,0.592,283.59,0.5363346378975102,0.29652435004685784,0.25943391789843717,0.5801632754211288,0.40800000000000003,0.002258579578292674,0,Seca (sertao) (baixa),0.47149517110564904,Estavel
2901700,Antônio Cardoso,11670,0.561,236.86,0.40668615252477835,0.13856049074761193,0.38634951416861535,0.6613882681797114,0.43899999999999995,0.0025193210222459257,0,Seca (sertao) (baixa),0.40636387646479205,Estavel
2901809,Antônio Gonçalves,11955,0.598,295.7,0.7352382614144338,0.2809253435933963,0.5774104904068776,0.8603343194966495,0.402,0.0033636209710848227,2,Seca (sertao) (moderada),0.9413677463486424,Estavel
2901908,Aporá,17840,0.548,199.04,0.3565093845102627,0.5361090201354992,0.24779826569693036,0.289801030718934,0.45199999999999996,0.0010940095846970572,1,Enchente / chuva extrema (moderada),0.08574869202385882,Estavel
2901957,Apuarema,7274,0.552,252.3,0.3551431954581278,0.2805641203212648,0.23065913896747425,0.46019607813508334,0.44799999999999995,0.001742056229287641,0,Seca (sertao) (baixa),0.41239979960302287,Estavel
2902005,Aracatu,12960,0.581,316.6,0.5937350860420104,0.347399525890712,0.856963053076313,0.843562997548178,0.41900000000000004,0.0032585391514243505,2,Seca (sertao) (moderada),0.8746508664164614,Estavel
2902054,Araçás,12237,0.57,230.75,0.30403426289513225,0.5782539806841157,0.21203284290778301,0.21033480680360675,0.43000000000000005,0.0008062373748938779,1,Enchente / chuva extrema (moderada),0.0,Estavel
2902104,Araci,54903,0.534,221.98,0.6908558956855447,0.12819891721974783,0.675012730172811,0.9808543242703923,0.46599999999999997,0.0036674006555182724,2,Seca (sertao) (moderada),0.989975380680745,Estavel
2902203,Aramari,11519,0.588,274.61,0.43780040938164677,0.2768425761853069,0.37378215752979094,0.5794991390953877,0.41200000000000003,0.0022496031729532036,0,Seca (sertao) (baixa),0.39416561895092184,Estavel
2902252,Arataca,10904,0.559,256.14,0.20468372383573782,0.6929541239592326,0.6172574165019138,0.24238698970279418,0.44099999999999995,0.0009220047144712775,1,Enchente / chuva extrema (moderada),0.5423869897027942,Agravando
2902302,Aratuípe,8848,0.575,278.23,0.1960092502772264,0.6663957040007231,0.20411041835993712,0.07452675219100843,0.42500000000000004,0.00028667191569582316,1,Enchente / chuva extrema (moderada),0.0,Estavel
2902401,Aurelino Leal,11079,0.568,253.19,0.35024609608248675,0.37791810993373964,0.3769804272053145,0.45290069185148407,0.43200000000000005,0.0017335955504828393,0,Seca (sertao) (baixa),0.4570477203582847,Estavel
2902500,Baianópolis,13979,0.589,235.05,0.8516163648484164,0.4334862778076039,0.7211842608414755,0.8926433269135484,0.41100000000000003,0.003467678026155326,2,Seca (sertao) (moderada),1.0,Agravando
2902609,Baixa Grande,20431,0.585,243.98,0.8145947124543288,0.2248230206195608,0.7417480903333621,1.0,0.41500000000000004,0.0038737481124918836,2,Seca (sertao) (moderada),1.0,Estavel
2902658,Banzaê,13251,0.579,228.54,0.6357337051524625,0.17506577035542867,0.6652741967144885,0.9077403430656552,0.42100000000000004,0.003501510048152986,2,Seca (sertao) (moderada),0.9911640348338641,Estavel
2902708,Barra,54225,0.557,183.03,0.9921549215895644,0.3914895684953711,0.7811084584792607,1.0,0.44299999999999995,0.0037985818289508074,2,Seca (sertao) (moderada),0.9158054272504567,Estavel
2902807,Barra da Estiva,20198,0.575,270.66,0.46946147915522124,0.2953915806842461,0.587010945003104,0.6805307256063292,0.42500000000000004,0.0026177049323098268,0,Seca (sertao) (baixa),0.6815790712183543,Estavel
2902906,Barra do Choça,30831,0.551,266.13,0.5785151756789185,0.29848421610849235,0.546843541209722,0.732140184065485,0.44899999999999995,0.0027695784805976073,0,Seca (sertao) (baixa),0.6947877367411945,Estavel
2903003,Barra do Mendes,13128,0.63,292.41,0.7238142999546955,0.39312574061265065,0.5103622778046153,0.7450251457957406,0.37,0.0029808366784551932,2,Seca (sertao) (moderada),0.6966199949977556,Estavel
2903102,Barra do Rocha,5515,0.577,304.56,0.43763568180578083,0.15399684120668525,0.13244447007713742,0.559744758768715,0.42300000000000004,0.0021561201243161707,0,Seca (sertao) (baixa),0.5080892788356528,Estavel
2903201,Barreiras,158432,0.721,602.82,0.8118981434672994,0.3416068648025339,0.35044416766705455,0.7687281467480863,0.279,0.003294504127123509,3,Enchente / chuva extrema (baixa),0.6045191791914906,Estavel
2903235,Barro Alto,15171,0.607,247.32,0.7290919037140687,0.3688319211315752,0.459927036463063,0.7434075943874298,0.393,0.0029252547582786573,2,Seca (sertao) (moderada),0.6804026309848547,Estavel
2903276,Barrocas,16225,0.61,284.41,0.7333040432543737,0.018688852145847402,0.6191579937639157,1.0,0.39,0.003943419841133824,2,Seca (sertao) (moderada),1.0,Agravando
2903300,Barro Preto,5312,0.602,287.6,0.27583796595022114,0.6591171165285129,0.7662163603524091,0.37778750631836183,0.398,0.0014812495707626138,1,Enchente / chuva extrema (moderada),0.4491182523518651,Estavel
2903409,Belmonte,23540,0.598,289.9,0.4433726189835023,0.4180930157854249,0.35648818345158645,0.4767544400371252,0.402,0.001863951252700109,0,Seca (sertao) (baixa),0.7767544400371251,Agravando
2903508,Belo Campo,17013,0.575,263.52,0.5918798082606258,0.297067483208486,0.5769194102886247,0.7550343569932916,0.42500000000000004,0.0029042879123551157,2,Seca (sertao) (moderada),0.7354855214621473,Estavel
2903607,Biritinga,15989,0.538,209.37,0.7029352092350174,0.032977026271372105,0.60718402955686,1.0,0.46199999999999997,0.0037492158544295594,2,Seca (sertao) (moderada),1.0,Estavel
2903706,Boa Nova,12039,0.567,223.48,0.46193318014593565,0.2548087498870758,0.3995972334253597,0.6219984786241344,0.43300000000000005,0.0023791999909619226,0,Seca (sertao) (baixa),0.5736994024151538,Estavel
2903805,Boa Vista do Tupim,18491,0.551,195.71,0.6618743580291465,0.2656439164171248,0.5489906559093132,0.8105931087060607,0.44899999999999995,0.0030663543393108206,2,Seca (sertao) (moderada),0.7825158134629182,Estavel
2903904,Bom Jesus da Lapa,70151,0.633,367.62,0.7428245403097211,0.3628452143374491,0.6440249919979185,0.8371298576028591,0.367,0.0033566969577224137,2,Seca (sertao) (moderada),0.9892699126704609,Estavel
2903953,Bom Jesus da Serra,9768,0.546,223.19,0.5311697304681374,0.25931913088523023,0.5048180559030143,0.7101782800846644,0.45399999999999996,0.0026772615250310466,0,Seca (sertao) (baixa),0.6734617800544951,Estavel
2904001,Boninal,14518,0.612,267.7,0.42760485743195537,0.3576830774873992,0.3537959248900073,0.5075253393042906,0.388,0.0020042693336585695,0,Seca (sertao) (baixa),0.4490704387000744,Estavel
2904050,Bonito,16999,0.561,249.0,0.6135677197176779,0.4874774660066287,0.36378034893073063,0.5427505614197762,0.43899999999999995,0.002067413295648424,0,Seca (sertao) (baixa),0.4437529299834604,Estavel
2904100,Boquira,21486,0.603,266.71,0.6694215272421516,0.3308566370827627,0.5590954678257587,0.7743269914555686,0.397,0.00303819615323377,2,Seca (sertao) (moderada),0.8269961695084095,Estavel
2904209,Botuporã,10050,0.575,235.16,0.5828879133748732,0.31557426584604065,0.5255875443193917,0.7137440116503845,0.42500000000000004,0.002745461959912479,2,Seca (sertao) (moderada),0.7666715152393987,Estavel
2904308,Brejões,14155,0.597,261.14,0.3950797812804485,0.2559396426824297,0.3141759728406624,0.540094012675143,0.403,0.0021100828577822034,0,Seca (sertao) (baixa),0.378345133658328,Estavel
2904407,Brejolândia,10675,0.592,221.22,0.860016374496651,0.3851536052871749,0.7919294044275863,0.9629076171524571,0.40800000000000003,0.0037486059046125493,2,Seca (sertao) (moderada),1.0,Estavel
2904506,Brotas de Macaúbas,10705,0.57,247.49,0.7374137756428323,0.37735735647033936,0.6087412580315453,0.8079988487900057,0.43000000000000005,0.0030971520152344033,2,Seca (sertao) (moderada),0.8109366117068841,Estavel
2904605,Brumado,67468,0.656,403.22,0.5940379111426993,0.3739282291240456,0.9991811489592921,0.8874261049185337,0.344,0.003619268047953449,2,Seca (sertao) (moderada),0.93098684217354,Estavel
2904704,Buerarema,18269,0.613,343.23,0.2228748520707673,0.6973696047882866,0.72457944717433,0.2981563397911237,0.387,0.0011782987168479425,1,Enchente / chuva extrema (moderada),0.5452311091267736,Agravando
2904753,Buritirama,21374,0.565,184.53,0.9918106598993175,0.030843110976575768,0.15873786254968908,1.0,0.43500000000000005,0.003819758591760289,0,Seca (sertao) (baixa),0.7271171992473628,Estavel
2904803,Caatiba,6232,0.561,293.78,0.5106759952245503,0.4250560953292176,0.4874625014327481,0.5732215315453147,0.43899999999999995,0.0021834815104910827,0,Seca (sertao) (baixa),0.43317545552630476,Estavel
2904852,Cabaceiras do Paraguaçu,19010,0.581,209.45,0.28934038246144284,0.1717539306529739,0.30876631159576645,0.5274468177239263,0.41900000000000004,0.002037436576572264,0,Seca (sertao) (baixa),0.22761596021507358,Estavel
2904902,Cachoeira,33659,0.647,368.11,0.2737011997767539,0.25204276271540765,0.2884905884269785,0.4521708554552739,0.353,0.0018318612985579056,3,Enchente / chuva extrema (baixa),0.16943119283209346,Estavel
2905008,Caculé,23407,0.637,382.15,0.6610884586910324,0.3774327619545936,0.5853707165394886,0.7477852317970403,0.363,0.0030072452360716605,2,Seca (sertao) (moderada),0.8229574287058139,Estavel
2905107,Caém,8912,0.546,223.48,0.8339566319871173,0.43018122777556483,0.4594594424926972,0.7688881568922963,0.45399999999999996,0.0028985886181345515,2,Seca (sertao) (moderada),0.908197314244361,Estavel
2905156,Caetanos,14671,0.542,224.38,0.5482395514754357,0.2808877613685346,0.6097079315551625,0.7521489462558532,0.45799999999999996,0.002827705293986961,2,Seca (sertao) (moderada),0.7361343149999251,Estavel
2905206,Caetité,51184,0.625,405.31,0.6910478280853493,0.3833529485158509,0.4720611653349827,0.7136671610089969,0.375,0.0028449905798814913,2,Seca (sertao) (moderada),0.8069796856812965,Estavel
2905305,Cafarnaum,18585,0.584,251.31,0.771816693808008,0.3856308740587637,0.41545320404736763,0.7401481010181536,0.41600000000000004,0.0028651224877374207,2,Seca (sertao) (moderada),0.6697758650090647,Estavel
2905404,Cairu,18666,0.627,334.19,0.1506509396725928,0.8512024374377767,0.19074008877284088,0.0,0.373,0.0,1,Enchente / chuva extrema (moderada),0.0,Estavel
2905503,Caldeirão Grande,13452,0.573,211.26,0.8064366691119181,0.3906124572082838,0.5045318361950601,0.7982877523122978,0.42700000000000005,0.0030663611971614504,2,Seca (sertao) (moderada),0.8859380770967077,Estavel
2905602,Camacan,32023,0.581,351.84,0.24656994738681073,0.6669809943235612,0.5515854078595375,0.2592287214608649,0.41900000000000004,0.00100135608189199,1,Enchente / chuva extrema (moderada),0.551943042758898,Agravando
2905701,Camaçari,309208,0.694,553.18,0.14345739258576515,0.753011893808678,0.11742047661906191,0.0,0.30600000000000005,0.0,3,Enchente / chuva extrema (baixa),0.0,Estavel
2905800,Camamu,35444,0.565,264.63,0.09815468197596866,0.8419414498406368,0.24999077583727972,0.0,0.43500000000000005,0.0,1,Enchente / chuva extrema (moderada),0.00044549699318279233,Estavel
2905909,Campo Alegre de Lourdes,28839,0.557,199.01,0.992480716026293,0.2562242023866734,0.638025047796938,1.0,0.44299999999999995,0.0037985818289508074,2,Seca (sertao) (moderada),0.8758697600524565,Estavel
2906006,Campo Formoso,71754,0.586,270.05,0.854150699256101,0.22835587956794878,0.4532179222897651,0.9205729594668673,0.41400000000000003,0.003568589735690502,2,Seca (sertao) (moderada),0.891861563312794,Estavel
2906105,Canápolis,9694,0.565,217.86,0.8566443131040434,0.5124887030335796,0.7120206559442254,0.8366506778375802,0.43500000000000005,0.0031958036149721666,2,Seca (sertao) (moderada),1.0,Agravando
2906204,Canarana,26468,0.587,252.39,0.8033402453975944,0.3639299320105104,0.43646298363743263,0.7851474386988606,0.41300000000000003,0.003045768381665167,2,Seca (sertao) (moderada),0.7169638152832253,Estavel
2906303,Canavieiras,30722,0.59,325.61,0.2412330215734494,0.6481738933167182,0.501855295215617,0.24713649499310264,0.41000000000000003,0.0009607393697698286,1,Enchente / chuva extrema (moderada),0.5471364949931026,Agravando
2906402,Candeal,8109,0.587,251.54,0.6532665879662497,0.051894248909245176,0.5683576493883428,0.9629817321401568,0.41300000000000003,0.0037356287078185195,2,Seca (sertao) (moderada),0.9498220520799087,Estavel
2906501,Candeias,87820,0.691,462.57,0.1364335970841056,0.7196694936450413,0.1283155384240602,0.0,0.30900000000000005,0.0,3,Enchente / chuva extrema (baixa),0.0,Estavel
2906600,Candiba,14415,0.591,290.99,0.7513252408694905,0.4039634554482007,0.4027838353931659,0.7083722942455902,0.40900000000000003,0.0027557409584472612,2,Seca (sertao) (moderada),0.8314882213318661,Estavel
2906709,Cândido Sales,24921,0.601,268.57,0.5840846763675083,0.3221208028747772,0.5595838890606167,0.7248213921354311,0.399,0.0028398872995317277,2,Seca (sertao) (moderada),0.683814390062911,Estavel
2906808,Cansanção,34929,0.557,216.24,0.6852457824298472,0.2745779082794448,0.7190922783497397,0.8940585915460106,0.44299999999999995,0.0033961547198640275,2,Seca (sertao) (moderada),0.833480565816376,Estavel
2906824,Canudos,16832,0.562,251.59,0.6394815075942,0.20716760028712158,0.5285052461090163,0.8278916289061536,0.43799999999999994,0.0031557487783550812,2,Seca (sertao) (moderada),0.8851014664124788,Estavel
2906857,Capela do Alto Alegre,11597,0.599,299.05,0.7838969968036446,0.2412649324803366,0.6604860355290426,0.9562652415760768,0.401,0.00374134754072423,2,Seca (sertao) (moderada),0.9795090255393856,Estavel
2906873,Capim Grosso,31055,0.621,378.85,0.7628940499192541,0.33757545221085344,0.5993912594532066,0.8484109968364403,0.379,0.003372328248094063,2,Seca (sertao) (moderada),0.8614073680725193,Estavel
2906899,Caraíbas,8659,0.555,277.97,0.5942239800928847,0.318548197084092,0.6987886640848123,0.7948614224843953,0.44499999999999995,0.003015167130161785,2,Seca (sertao) (moderada),0.8016551901462874,Estavel
2906907,Caravelas,22166,0.616,394.43,0.39769179129007703,0.7085103578264812,0.28763494645025944,0.2135565439842276,0.384,0.0008457940221997155,1,Enchente / chuva extrema (moderada),0.28013840327800066,Agravando
2907004,Cardeal da Silva,9395,0.552,207.42,0.21401430991758447,0.8860664528130541,0.058034600968196126,0.0,0.44799999999999995,0.0,1,Enchente / chuva extrema (moderada),0.0,Estavel
2907103,Carinhanha,29118,0.576,209.51,0.7737681442009493,0.43381518353352716,0.6234998220749568,0.7987410871647528,0.42400000000000004,0.0030745662338240586,2,Seca (sertao) (moderada),0.9868509788754649,Estavel
2907202,Casa Nova,73092,0.57,289.24,0.9516079256732857,0.23340682142964686,0.6015643802118719,1.0,0.43000000000000005,0.0038331143910321783,2,Seca (sertao) (moderada),0.7,Estavel
2907301,Castro Alves,26369,0.613,316.1,0.3002056561561709,0.2626830250925826,0.27957589808451555,0.4581664828620678,0.387,0.0018106506782224092,0,Seca (sertao) (baixa),0.19329107751674607,Estavel
2907400,Catolândia,3619,0.582,251.21,0.8200775158527025,0.3884638316143479,0.7486132030325525,0.9155095392853801,0.41800000000000004,0.0035389502749870964,2,Seca (sertao) (moderada),1.0,Agravando
2907509,Catu,55222,0.677,486.05,0.32953083921284543,0.42880747173552397,0.27821620453866835,0.3605311487153784,0.32299999999999995,0.0014937253986511561,3,Enchente / chuva extrema (baixa),0.09474564339654601,Estavel
2907558,Caturama,9303,0.571,234.88,0.531928497560936,0.2643458866071661,0.5141575794253871,0.7112441778124065,0.42900000000000005,0.002728188117368885,0,Seca (sertao) (baixa),0.7556529473982427,Estavel
2907608,Central,17293,0.596,231.1,0.9402087969730483,0.2845102793228894,0.5801260029469347,0.9931152012700664,0.404,0.003877219061977056,2,Seca (sertao) (moderada),0.9582682272631634,Estavel
2907707,Chorrochó,11221,0.6,248.5,0.7872246643614573,0.14070579545859263,0.2937520488884722,0.8683380460169536,0.4,0.0033997627546212402,0,Seca (sertao) (baixa),0.5683380460169536,Melhorando
2907806,Cícero Dantas,32636,0.585,315.19,0.5884778349404012,0.23437331362744585,0.43926147003526017,0.736441455234451,0.41500000000000004,0.0028527886971752305,0,Seca (sertao) (baixa),0.6996655183331979,Estavel
2907905,Cipó,17402,0.601,312.03,0.6467739650459962,0.14135047595214023,0.6052802501981754,0.9123022949290542,0.399,0.003574447069049224,2,Seca (sertao) (moderada),0.7530856336354567,Estavel
2908002,Coaraci,16128,0.613,366.33,0.3160712405231397,0.537846266668153,0.5721448289899834,0.4040420498074792,0.387,0.001596753666798731,1,Enchente / chuva extrema (moderada),0.43428556132635643,Estavel
2908101,Cocos,18835,0.596,258.27,0.8381427556268393,0.46350867212318064,0.6478598309089643,0.8307416218089876,0.404,0.0032432966966333206,2,Seca (sertao) (moderada),1.0,Estavel
2908200,Conceição da Feira,22933,0.634,348.39,0.33383678214732504,0.15661948644739557,0.3386640639087648,0.5802282265479262,0.366,0.0023282840895515566,0,Seca (sertao) (baixa),0.28651919700897205,Estavel
2908309,Conceição do Almeida,17087,0.606,290.98,0.281204221302944,0.29338788050854453,0.27297734573134336,0.42136564545166166,0.394,0.0016568537222656223,0,Seca (sertao) (baixa),0.15624185632804255,Estavel
2908408,Conceição do Coité,67394,0.611,309.61,0.7000114467635598,0.05717522643341519,0.6187090188917094,1.0,0.389,0.0039462588762966275,2,Seca (sertao) (moderada),1.0,Estavel
2908507,Conceição do Jacuípe,33631,0.663,403.18,0.4222077655552252,0.19127694228153191,0.3964738184537746,0.6390907288279288,0.33699999999999997,0.0026201063978153897,3,Enchente / chuva extrema (baixa),0.40120089095030004,Estavel
2908606,Conde,26223,0.56,246.81,0.19751917071415628,0.9429946141689539,0.029352635904674625,0.0,0.43999999999999995,0.0,1,Enchente / chuva extrema (moderada),0.0,Estavel
2908705,Condeúba,17113,0.582,260.07,0.624840230124025,0.3470271856148936,0.6660985443996341,0.7806640176410176,0.41800000000000004,0.0030176978189213814,2,Seca (sertao) (moderada),0.8186644012436602,Estavel
2908804,Contendas do Sincorá,4025,0.577,293.12,0.49685969502027455,0.3007693861450511,0.6563864370370451,0.7250475595370551,0.42300000000000004,0.0027928615850606273,2,Seca (sertao) (moderada),0.7351967191488874,Estavel
2908903,Coração de Maria,22391,0.592,257.21,0.4708659329886454,0.13475100894976574,0.4318394237645393,0.7259462102691777,0.40800000000000003,0.0028261135354745895,0,Seca (sertao) (baixa),0.48404924278112105,Estavel
2909000,Cordeiros,8667,0.579,263.24,0.6133050465475549,0.34065935636243116,0.6640296590656005,0.7766671234953856,0.42100000000000004,0.0029959093013369256,2,Seca (sertao) (moderada),0.7996643751905954,Estavel
2909109,Coribe,14108,0.6,237.03,0.8565155309522012,0.5240074496764274,0.6942879708896111,0.8207488528134843,0.4,0.003213439044267001,2,Seca (sertao) (moderada),1.0,Agravando
2909208,Coronel João Sá,15549,0.535,238.18,0.528114186321804,0.3139653170696146,0.2413610297239763,0.5546752824546789,0.46499999999999997,0.0020753388018862947,0,Seca (sertao) (baixa),0.4282850841334891,Estavel
2909307,Correntina,32243,0.603,285.96,0.837004684280688,0.4939278880907763,0.650077007782902,0.8096848268523732,0.397,0.0031769282918194474,2,Seca (sertao) (moderada),0.9754803014524244,Estavel
2909406,Cotegipe,13756,0.59,237.5,0.8526281107061429,0.3563570051649562,0.5191099855581012,0.8588529766344308,0.41000000000000003,0.0033387778989085897,2,Seca (sertao) (moderada),0.774957998196542,Estavel
2909505,Cravolândia,5352,0.599,259.87,0.32691887485067755,0.30727618561130327,0.33090491698266605,0.46690281618241986,0.401,0.001826737632126244,0,Seca (sertao) (baixa),0.4012460658743153,Estavel
2909604,Crisópolis,21219,0.543,232.6,0.4644615125223207,0.42653195458991805,0.3433853500179233,0.478914626024228,0.45699999999999996,0.0018017161286737443,0,Seca (sertao) (baixa),0.3349735331295379,Estavel
2909703,Cristópolis,13981,0.614,239.23,0.8493063986251582,0.3732945432167449,0.7163173841471702,0.9311147841332602,0.386,0.0036823732717406552,2,Seca (sertao) (moderada),1.0,Estavel
2909802,Cruz das Almas,63923,0.699,481.8,0.2728572716231019,0.12584898998807498,0.3087149528096477,0.5487570032591237,0.30100000000000005,0.0023120147301401244,3,Enchente / chuva extrema (baixa),0.2487570032591237,Estavel
2909901,Curaçá,35065,0.581,236.77,0.9382522866880489,0.04330428299972508,0.11468405228856532,0.956943981950304,0.41900000000000004,0.0036965104443511254,0,Seca (sertao) (baixa),0.656943981950304,Melhorando
2910008,Dário Meira,10347,0.54,206.16,0.4502012036007184,0.22570551819556767,0.3206945436442864,0.6001618275707125,0.45999999999999996,0.002253218617561331,0,Seca (sertao) (baixa),0.5493657187528987,Estavel
2910057,Dias d'Ávila,83705,0.676,460.6,0.1616992272868314,0.7097672110550661,0.13645980254689236,0.0,0.32399999999999995,0.0,3,Enchente / chuva extrema (baixa),0.0,Estavel
2910107,Dom Basílio,12281,0.591,240.83,0.5731900455251392,0.34404751340856043,0.8243683435705618,0.818205375466031,0.40900000000000003,0.0031830184267649286,2,Seca (sertao) (moderada),0.8575615301598197,Estavel
2910206,Dom Macedo Costa,4072,0.632,329.93,0.26768846287734505,0.34104920541998157,0.2643265947231714,0.37539255655322273,0.368,0.0015041369396630428,3,Enchente / chuva extrema (baixa),0.1150085500333054,Estavel
2910305,Elísio Medrado,8129,0.623,315.04,0.37543254827995365,0.2589121751136614,0.2572903136897267,0.5002707764467454,0.377,0.001991402331905252,0,Seca (sertao) (baixa),0.2894151255261076,Estavel
2910404,Encruzilhada,15914,0.544,220.0,0.5299500970275726,0.38713571882900805,0.5540659843876071,0.6415032251717226,0.45599999999999996,0.002415045329222513,0,Seca (sertao) (baixa),0.6444402850387453,Estavel
2910503,Entre Rios,42014,0.615,338.53,0.2502209649743796,0.7702271449239335,0.11703744554927772,0.0,0.385,0.0,1,Enchente / chuva extrema (moderada),0.0,Estavel
2910602,Esplanada,37902,0.589,312.58,0.20714276293137038,0.9130423645616205,0.04472036611123355,0.0,0.41100000000000003,0.0,1,Enchente / chuva extrema (moderada),0.0,Estavel
2910701,Euclides da Cunha,61112,0.567,269.58,0.6553405682948851,0.1301164420328441,0.821559979532372,1.0,0.43300000000000005,0.003825089727268678,2,Seca (sertao) (moderada),1.0,Agravando
2910727,Eunápolis,115360,0.677,575.44,0.23540673773135687,0.6175155479967919,0.3189882979056478,0.18476362316885372,0.32299999999999995,0.0007654986751006236,3,Enchente / chuva extrema (baixa),0.4847636231688537,Agravando
2910750,Fátima,17801,0.559,250.6,0.5542796523055672,0.2909481967612611,0.36440864996424,0.6417350664007803,0.44099999999999995,0.0024410664837603573,0,Seca (sertao) (baixa),0.5597880226436821,Estavel
2910776,Feira da Mata,5656,0.588,212.22,0.8228943418689834,0.4857753556280157,0.6958361781870523,0.8261782244037726,0.41200000000000003,0.00320720606754455,2,Seca (sertao) (moderada),1.0,Agravando
2910800,Feira de Santana,624107,0.712,662.24,0.49287547683603494,0.08863372857545541,0.4560835797037203,0.7832187046553784,0.28800000000000003,0.003333151125807733,3,Enchente / chuva extrema (baixa),0.5154884221935536,Estavel
2910859,Filadélfia,16314,0.565,250.08,0.7277772835826679,0.2922381826099869,0.5955947608796831,0.8554944207774785,0.43500000000000005,0.003267782163967766,2,Seca (sertao) (moderada),0.9208841594200754,Estavel
2910909,Firmino Alves,5641,0.578,325.51,0.4276499397875581,0.4761327716407637,0.5185205141094387,0.49675616677331824,0.42200000000000004,0.0019148355785658826,0,Seca (sertao) (baixa),0.4399464043567274,Estavel
2911006,Floresta Azul,10525,0.557,242.04,0.3653919577269902,0.5114293358403459,0.5844457082882852,0.46017410748744364,0.44299999999999995,0.001748009002855459,1,Enchente / chuva extrema (moderada),0.4871136716355932,Estavel
2911105,Formosa do Rio Preto,26111,0.618,287.94,0.7054405001429549,0.5634245849782815,0.23366086009050246,0.49279087693399215,0.382,0.0019545304175596417,3,Enchente / chuva extrema (baixa),0.19279087693399216,Melhorando
2911204,Gandu,32778,0.632,442.37,0.2756370907246051,0.48355852175385594,0.20534017293503015,0.25507996858539694,0.368,0.0010220639610977128,3,Enchente / chuva extrema (baixa),0.19488641122011624,Estavel
2911253,Gavião,4417,0.599,271.53,0.7256706092386921,0.25181977770134456,0.629996560690788,0.8974462033192605,0.401,0.003511220527253358,2,Seca (sertao) (moderada),0.8520727477787635,Estavel
2911303,Gentio do Ouro,11284,0.559,207.35,0.910986650352122,0.37980976311317466,0.6945217694331782,0.9573741568992175,0.44099999999999995,0.003641711493081295,2,Seca (sertao) (moderada),0.9126247323864684,Estavel
2911402,Glória,15247,0.593,266.14,0.6443342229452784,0.2291956494796874,0.3117095148440385,0.7207992562403597,0.40700000000000003,0.0028080707768731385,0,Seca (sertao) (baixa),0.4207992562403597,Estavel
2911501,Gongogi,6852,0.576,234.7,0.4267566255978715,0.18593508891772753,0.16912019292019567,0.5463290218268003,0.42400000000000004,0.002102965266290775,0,Seca (sertao) (baixa),0.4990769256438501,Estavel
2911600,Governador Mangabeira,20800,0.643,322.02,0.27976836369390085,0.14783337567483654,0.3088718800509593,0.5379661920330039,0.357,0.002173016147513484,0,Seca (sertao) (baixa),0.2379661920330039,Estavel
2911659,Guajeru,6371,0.569,241.69,0.6181009825436926,0.3540177649573885,0.7726187380736596,0.8179703433855122,0.43100000000000005,0.0031331828577051096,2,Seca (sertao) (moderada),0.865311985174604,Estavel
2911709,Guanambi,85353,0.673,496.05,0.7606166801853703,0.40958957673646035,0.37882346866354916,0.700031451715927,0.32699999999999996,0.0028915749083638876,3,Enchente / chuva extrema (baixa),0.8256675814318214,Estavel
2911808,Guaratinga,20565,0.558,258.74,0.21920687484592458,0.6298475554406193,0.37589501179672946,0.19043572559853375,0.44199999999999995,0.0007238873412708076,1,Enchente / chuva extrema (moderada),0.49043572559853377,Agravando
2911857,Heliópolis,12946,0.563,241.36,0.575851419893522,0.27300354109203917,0.4609550595274268,0.7106453789561128,0.43700000000000006,0.002710715790860114,0,Seca (sertao) (baixa),0.6195781427025762,Estavel
2911907,Iaçu,23950,0.574,311.24,0.6655680392429603,0.1619616678336437,0.5753099944721517,0.8970649048687015,0.42600000000000005,0.0034481977048073267,2,Seca (sertao) (moderada),0.8730132864327811,Estavel
2912004,Ibiassucê,8849,0.611,350.98,0.6720304964730635,0.3807287102544571,0.5593296631434173,0.741244179494669,0.389,0.002925141422834048,2,Seca (sertao) (moderada),0.8231476355810422,Estavel
2912103,Ibicaraí,21083,0.625,354.75,0.2854693213097899,0.6209698332825248,0.6508513644944998,0.3603016995681096,0.375,0.0014363207349169884,1,Enchente / chuva extrema (moderada),0.4323144587932526,Estavel
2912202,Ibicoara,19990,0.591,300.89,0.47168450412543766,0.2601092325979146,0.5119795250441009,0.6738409941791769,0.40900000000000003,0.002621405780865547,0,Seca (sertao) (baixa),0.6795059276680534,Estavel
2912301,Ibicuí,16262,0.584,307.49,0.4108877088008587,0.393314784275809,0.46226031765996733,0.5191160315461706,0.41600000000000004,0.0020095046027706577,0,Seca (sertao) (baixa),0.5069297076068534,Estavel
2912400,Ibipeba,18421,0.616,290.82,0.886488204126363,0.328597020835263,0.5543279703858655,0.9158366786531684,0.384,0.003627185445430794,2,Seca (sertao) (moderada),0.8721541522541457,Estavel
2912509,Ibipitanga,14989,0.584,249.32,0.5281912565345189,0.3115026188367107,0.4913325760803171,0.6658199342576423,0.41600000000000004,0.002577397231447646,0,Seca (sertao) (baixa),0.6877910916619433,Estavel
2912608,Ibiquera,4047,0.511,199.55,0.5526581454049826,0.39593234079440853,0.42580755364735234,0.5940879100525369,0.489,0.0021869750786512234,0,Seca (sertao) (baixa),0.5133736010378293,Estavel
2912707,Ibirapitanga,23433,0.558,261.88,0.33170582577418484,0.38730006993265187,0.2346707916790862,0.37194146878230533,0.44199999999999995,0.0014138298898431856,0,Seca (sertao) (baixa),0.3381205398467975,Estavel
2912806,Ibirapuã,8740,0.614,431.31,0.37397266810458174,0.6706075669794351,0.3090522523451886,0.2339273197931137,0.386,0.0009251358958261443,1,Enchente / chuva extrema (moderada),0.47005194666602157,Agravando
2912905,Ibirataia,14476,0.576,278.69,0.3982372607501231,0.23495904292761735,0.1785708458385827,0.4975065547604222,0.42400000000000004,0.0019150346450839668,0,Seca (sertao) (baixa),0.4529611303913913,Estavel
2913002,Ibitiara,16463,0.585,244.68,0.5604050006291655,0.360912898412877,0.43130789732865676,0.6260636241839994,0.41500000000000004,0.0024252127824825956,0,Seca (sertao) (baixa),0.6119729990484657,Estavel
2913101,Ibititá,17048,0.602,250.63,0.903279964503083,0.3014709152962411,0.5301772673949808,0.9352341657652967,0.398,0.0036669164105045085,2,Seca (sertao) (moderada),0.8911017854392886,Estavel
2913200,Ibotirama,27076,0.636,337.12,0.8330144972029963,0.3121201308633162,0.7950294533873281,0.9976948430782252,0.364,0.0040093241928389175,2,Seca (sertao) (moderada),1.0,Estavel
2913309,Ichu,6232,0.631,296.17,0.7241837532258164,0.017916371523761077,0.610134658570881,1.0,0.369,0.004003910576461662,2,Seca (sertao) (moderada),1.0,Agravando
2913408,Igaporã,15661,0.614,306.74,0.7141766088665819,0.39106142110361813,0.4414672796079757,0.710020047795154,0.386,0.0028079876841765458,2,Seca (sertao) (moderada),0.8144034637701069,Estavel
2913457,Igrapiúna,12963,0.574,269.34,0.10566069548524698,0.8390674309791079,0.22675066841047484,0.0,0.42600000000000005,0.0,1,Enchente / chuva extrema (moderada),0.0,Estavel
2913507,Iguaí,27006,0.552,258.8,0.4666646848907265,0.3222577930661462,0.44283819040058725,0.5968238365605854,0.44799999999999995,0.0022592558512906946,0,Seca (sertao) (baixa),0.5224591970009039,Estavel
2913606,Ilhéus,157639,0.69,579.46,0.2774063147605301,0.7166305713760197,0.9631748938999773,0.4247514429759512,0.31000000000000005,0.001777261711615578,3,Enchente / chuva extrema (baixa),0.4761491498690431,Agravando
2913705,Inhambupe,40720,0.565,254.99,0.4424713304380671,0.344880273746734,0.35392768266308594,0.5262665729472964,0.43500000000000005,0.0020102112635716784,0,Seca (sertao) (baixa),0.37995009079994035,Estavel
2913804,Ipecaetá,14229,0.55,186.54,0.4689438208397875,0.1048537051254551,0.42671794269399704,0.7433650148999259,0.44999999999999996,0.0028101010241765112,0,Seca (sertao) (baixa),0.5176408246034281,Estavel
2913903,Ipiaú,45969,0.67,573.36,0.44307270717095004,0.13917227736148927,0.1276207303251991,0.5715631151127217,0.32999999999999996,0.0023555936291339173,3,Enchente / chuva extrema (baixa),0.5193080871122626,Estavel
2914000,Ipirá,59281,0.549,274.88,0.6398564549996931,0.16531176857829055,0.5720158333675797,0.8764580828743079,0.45099999999999996,0.0033109418673748013,2,Seca (sertao) (moderada),0.7780031987977445,Estavel
2914109,Ipupiara,9954,0.59,258.3,0.7975575008849477,0.3758409509493812,0.651646264879188,0.8671809246762819,0.41000000000000003,0.0033711526704024854,2,Seca (sertao) (moderada),0.8692882339918784,Estavel
2914208,Irajuba,7295,0.576,236.16,0.40221253466587287,0.20208747287417514,0.41548873230061906,0.6267652283813577,0.42400000000000004,0.0024125855532944017,0,Seca (sertao) (baixa),0.590781494176942,Estavel
2914307,Iramaia,7874,0.571,234.91,0.47644007225571267,0.27336440133659956,0.530223606678809,0.6756609563302313,0.42900000000000005,0.0025916981114697006,0,Seca (sertao) (baixa),0.6722061118055641,Estavel
2914406,Iraquara,25728,0.599,242.58,0.40333568691764043,0.6007120699659477,0.19401634197728884,0.25170695764660095,0.401,0.0009847928859384025,1,Enchente / chuva extrema (moderada),0.06136052485967328,Estavel
2914505,Irará,29305,0.62,308.34,0.4943948112573706,0.14584048850912554,0.4413153941317368,0.7377273473295767,0.38,0.0029302495911166684,0,Seca (sertao) (baixa),0.5491341162015229,Estavel
2914604,Irecê,74050,0.691,488.15,0.9342800728124201,0.27369880507746536,0.5418141848118617,0.9800376844478998,0.30900000000000005,0.004103844972785232,2,Seca (sertao) (moderada),0.946489152562851,Estavel
2914653,Itabela,30901,0.599,365.39,0.1477406693159074,0.6688297963230425,0.3867721966010705,0.12116519294072449,0.401,0.00047405372162540515,1,Enchente / chuva extrema (moderada),0.42116519294072446,Agravando
2914703,Itaberaba,64795,0.62,422.79,0.8684512639659223,0.12617188043364239,0.7189925018421319,1.0,0.38,0.003971995347228997,2,Seca (sertao) (moderada),1.0,Estavel
2914802,Itabuna,214123,0.712,605.12,0.25870177705167197,0.6980534060455734,0.8300978768989741,0.3672854877561902,0.28800000000000003,0.0015630602662203429,3,Enchente / chuva extrema (baixa),0.4636882544165728,Agravando
2914901,Itacaré,29051,0.583,323.3,0.23856032891871023,0.6909563950090826,0.6371850615319388,0.2746672961273911,0.41700000000000004,0.00106249016705044,1,Enchente / chuva extrema (moderada),0.3130450338827251,Estavel
2915007,Itaeté,16164,0.572,224.79,0.4772079568477627,0.3513556300576791,0.3958196174609725,0.5627916278900015,0.42800000000000005,0.0021602660391212575,0,Seca (sertao) (baixa),0.5023627751912078,Estavel
2915106,Itagi,12140,0.543,234.8,0.4143631345416645,0.20820668160198763,0.25737456127849745,0.5612530424875626,0.45699999999999996,0.002111480009102697,0,Seca (sertao) (baixa),0.5340199757422944,Estavel
2915205,Itagibá,14331,0.589,270.27,0.44339152246955743,0.1478554369497343,0.15080720873606937,0.5758415573757412,0.41100000000000003,0.002236988789199015,0,Seca (sertao) (baixa),0.5237696149027808,Estavel
2915304,Itagimirim,6784,0.634,339.65,0.28526729653552213,0.5781804628893822,0.35832027853464815,0.2621138925425227,0.366,0.001051785448784564,3,Enchente / chuva extrema (baixa),0.5621138925425226,Agravando
2915353,Itaguaçu da Bahia,14650,0.562,245.68,0.9694714704106059,0.27925950931896226,0.6080444706746118,1.0,0.43799999999999994,0.0038117896934464646,2,Seca (sertao) (moderada),0.9225558134538473,Estavel
2915403,Itaju do Colônia,6515,0.592,276.93,0.3615921717721236,0.5539129920046117,0.5487067877513074,0.4123280981658637,0.40800000000000003,0.0016051960913894153,1,Enchente / chuva extrema (moderada),0.49168223990145044,Estavel
2915502,Itajuípe,20309,0.599,354.2,0.2853300519453021,0.6444354395844145,0.7673021668053798,0.39474452813200794,0.401,0.0015444213648369229,1,Enchente / chuva extrema (moderada),0.44757994675022,Estavel
2915601,Itamaraju,64423,0.627,432.95,0.14308991719911365,0.6267965387189645,0.49367849579942125,0.19430557066911444,0.373,0.0007757156119745,1,Enchente / chuva extrema (moderada),0.4943055706691144,Agravando
2915700,Itamari,7971,0.578,325.0,0.32921059880996406,0.34431889703846136,0.23375466752594598,0.39997922213543563,0.42200000000000004,0.0015417915195837613,0,Seca (sertao) (baixa),0.34553756949949116,Estavel
2915809,Itambé,22474,0.578,312.32,0.5144097653756907,0.43484936680618824,0.48217634079261434,0.5664997488043402,0.42200000000000004,0.002183674701625164,0,Seca (sertao) (baixa),0.40468788282839774,Estavel
2915908,Itanagra,6433,0.584,289.16,0.247025180035727,0.7192328106806313,0.1385577194089637,0.04225544811093411,0.41600000000000004,0.0001635713642249683,1,Enchente / chuva extrema (moderada),0.0,Estavel
2916005,Itanhém,19231,0.637,388.04,0.27267495863031904,0.6372291936164318,0.365240155769182,0.21559062456548297,0.363,0.0008670054597203249,3,Enchente / chuva extrema (baixa),0.515590624565483,Agravando
2916104,Itaparica,22440,0.67,476.99,0.07502073100542402,0.8316180706825415,0.07453326531073018,0.0,0.32999999999999996,0.0,3,Enchente / chuva extrema (baixa),0.0,Estavel
2916203,Itapé,8300,0.599,285.13,0.2572173029414975,0.6604753148370675,0.6724901642737031,0.323646324976182,0.401,0.0012662526351144604,1,Enchente / chuva extrema (moderada),0.4456374726553999,Estavel
2916302,Itapebi,10173,0.572,273.69,0.3157831848837291,0.5559182862186922,0.3751770450194218,0.3050295429138187,0.42800000000000005,0.0011708506840371737,1,Enchente / chuva extrema (moderada),0.6050295429138186,Agravando
2916401,Itapetinga,77408,0.667,506.76,0.49480505268900343,0.487317668937043,0.4717622363711587,0.5124083418118145,0.33299999999999996,0.0021070452351011526,3,Enchente / chuva extrema (baixa),0.32545281446336627,Estavel
2916500,Itapicuru,36173,0.486,185.7,0.5233473746788748,0.322103564928174,0.412253275013084,0.6206341269981771,0.514,0.0022469716600926285,0,Seca (sertao) (baixa),0.48552183481869365,Estavel
2916609,Itapitanga,10284,0.571,225.1,0.3646867569715061,0.3813864229190366,0.3780379927635551,0.4603845910548559,0.42900000000000005,0.0017659417256655147,0,Seca (sertao) (baixa),0.4549311707760577,Estavel
2916708,Itaquara,8375,0.553,229.04,0.3712049434169984,0.19205073747181906,0.41893229107518454,0.6150073906118965,0.44699999999999995,0.002329697969419641,0,Seca (sertao) (baixa),0.5983433734955532,Estavel
2916807,Itarantim,19937,0.61,352.74,0.41627350201286345,0.516987339626197,0.43704115006380295,0.42507990369487053,0.39,0.0016762685262976073,1,Enchente / chuva extrema (moderada),0.45134591787402567,Estavel
2916856,Itatim,14588,0.582,245.37,0.46476240214860615,0.254030829939709,0.36980111229868057,0.611356902337766,0.41800000000000004,0.00236323226007269,0,Seca (sertao) (baixa),0.4494954216384023,Estavel
2916906,Itiruçu,12482,0.6,309.83,0.35310980598190217,0.1336565211523233,0.4851993011336386,0.6730174268909469,0.4,0.0026350332012403744,0,Seca (sertao) (baixa),0.7047832457267954,Estavel
2917003,Itiúba,36140,0.544,205.18,0.7002955171086802,0.2969207202738218,0.6663317751746631,0.8651884616354464,0.45599999999999996,0.0032571455156917887,2,Seca (sertao) (moderada),0.8363353721790596,Estavel
2917102,Itororó,20394,0.594,330.0,0.46838856931264233,0.4759104871226329,0.4896624765888755,0.5109383234601537,0.406,0.001991915795189549,0,Seca (sertao) (baixa),0.3741861623860836,Estavel
2917201,Ituaçu,19095,0.57,269.3,0.5312243741872031,0.32049138864167764,0.7661411504007994,0.7817537943810625,0.43000000000000005,0.002996551719486061,2,Seca (sertao) (moderada),0.8055055667995914,Estavel
2917300,Ituberá,28870,0.606,337.03,0.10398232507356163,0.8595374776588994,0.21964849408173637,0.0,0.394,0.0,1,Enchente / chuva extrema (moderada),0.0,Estavel
2917334,Iuiu,11038,0.591,249.32,0.7424662427601258,0.3988475054879002,0.5437409817498747,0.7678292847794226,0.40900000000000003,0.0029870431499800197,2,Seca (sertao) (moderada),0.9117344333106556,Estavel
2917359,Jaborandi,8176,0.613,281.14,0.8434919218690748,0.4701363932244564,0.6598027040480104,0.8348297305633791,0.387,0.0032992047091752893,2,Seca (sertao) (moderada),1.0,Estavel
2917409,Jacaraci,14855,0.593,283.51,0.6582015378233761,0.3604698127224999,0.5993672299830094,0.7638882918422061,0.40700000000000003,0.0029759359080170065,2,Seca (sertao) (moderada),0.8283329538418457,Estavel
2917508,Jacobina,80749,0.649,417.88,0.8466139138528783,0.4472705123175276,0.4360232665930761,0.7549587350793899,0.351,0.0030630612617746937,2,Seca (sertao) (moderada),0.9187728875591649,Agravando
2917607,Jaguaquara,54913,0.58,307.08,0.34603235159283435,0.17711871687025627,0.4405227114511177,0.6184318600004729,0.42000000000000004,0.0023872138656972344,0,Seca (sertao) (baixa),0.6283598560015364,Estavel
2917706,Jaguarari,33915,0.659,439.23,0.7437487470443683,0.2228021558148654,0.5568291707101464,0.8975621600213036,0.34099999999999997,0.0036687960912496105,2,Seca (sertao) (moderada),0.7750977623341204,Estavel
2917805,Jaguaripe,19162,0.556,247.75,0.1782765432194596,0.7206332936567716,0.19057328875814103,0.019055809677768376,0.44399999999999995,7.233492422529962e-05,1,Enchente / chuva extrema (moderada),0.0,Estavel
2917904,Jandaíra,10742,0.55,192.11,0.25220665149149796,0.8255128779793965,0.08398963554055083,0.0,0.44999999999999996,0.0,1,Enchente / chuva extrema (moderada),0.0,Estavel
2918001,Jequié,156277,0.665,473.92,0.3539447152567487,0.21765738538540869,0.3398504878825673,0.5511986642134714,0.33499999999999996,0.00226315713177794,3,Enchente / chuva extrema (baixa),0.5339035404265705,Estavel
2918100,Jeremoabo,40832,0.547,262.76,0.5214460110413284,0.30818643776181875,0.14955071627667907,0.5141855587583074,0.45299999999999996,0.0019397335532418914,0,Seca (sertao) (baixa),0.34828682084506746,Estavel
2918209,Jiquiriçá,14576,0.553,257.95,0.29578830535158906,0.42248659312325804,0.2710124893968149,0.3397256978733288,0.44699999999999995,0.0012869085487049346,0,Seca (sertao) (baixa),0.18545031789258856,Estavel
2918308,Jitaúna,10470,0.575,266.56,0.3904507572746573,0.22966456723646222,0.22658317486707716,0.517123532900365,0.42500000000000004,0.0019891487213610955,0,Seca (sertao) (baixa),0.482260440578529,Estavel
2918357,João Dourado,25606,0.593,283.12,0.9016114792379817,0.28819549607620715,0.4894275613340971,0.9256010860923265,0.40700000000000003,0.003605932356887975,2,Seca (sertao) (moderada),0.8841623428239123,Estavel
2918407,Juazeiro,219544,0.677,476.58,0.867248310767815,0.11766001332158775,0.3202395504248333,0.94840590440727,0.32299999999999995,0.003929363642202914,2,Seca (sertao) (moderada),0.6484059044072701,Melhorando
2918456,Jucuruçu,8856,0.541,188.8,0.2049713076732698,0.6379648627428106,0.4118344324537677,0.19116778479925417,0.45899999999999996,0.000718203030454107,1,Enchente / chuva extrema (moderada),0.49116778479925416,Agravando
2918506,Jussara,15241,0.571,236.05,0.9455205352762382,0.2772350275739045,0.5457037266578798,0.9866194469977199,0.42900000000000005,0.0037844716844545926,2,Seca (sertao) (moderada),0.9447130594792754,Estavel
2918555,Jussari,5706,0.567,290.22,0.25870425161507554,0.6446090486192462,0.6244556683784188,0.31470296647234947,0.43300000000000005,0.0012037670841943632,1,Enchente / chuva extrema (moderada),0.5561373868841344,Agravando
2918605,Jussiape,5777,0.602,334.07,0.4887251236787252,0.22767833353114067,0.553445765933943,0.7258224028580841,0.398,0.0028458435091218127,0,Seca (sertao) (baixa),0.764941813226932,Estavel
2918704,Lafaiete Coutinho,3663,0.599,288.05,0.3694663137968365,0.15270203703907942,0.4547830577995627,0.65708553653513,0.401,0.0025708195271317825,0,Seca (sertao) (baixa),0.6717131384546252,Estavel
2918753,Lagoa Real,15870,0.545,223.11,0.6341376047082911,0.3650764391480982,0.628581879162507,0.757704063885141,0.45499999999999996,0.0028544631495072367,2,Seca (sertao) (moderada),0.8237725708657924,Estavel
2918803,Laje,24214,0.586,241.63,0.2627869713365679,0.542630445537679,0.240453495397171,0.22070743427127582,0.41400000000000003,0.0008555696497833188,1,Enchente / chuva extrema (moderada),0.04627458074270294,Estavel
2918902,Lajedão,3993,0.632,463.94,0.32888457082545536,0.6498063403424525,0.33579902098777376,0.23068455088911619,0.368,0.0009243154887987344,1,Enchente / chuva extrema (moderada),0.5306845508891161,Agravando
2919009,Lajedinho,3735,0.546,205.65,0.547633109852788,0.46266221038491084,0.3817910292748812,0.5248550792684463,0.45399999999999996,0.0019786219169854262,0,Seca (sertao) (baixa),0.42630066146054946,Estavel
2919058,Lajedo do Tabocal,8591,0.584,237.39,0.3682702001856379,0.14982486036900802,0.46669660446069394,0.6635285462353935,0.41600000000000004,0.0025685272399666895,0,Seca (sertao) (baixa),0.6815358248838022,Estavel
2919108,Lamarão,8078,0.518,180.82,0.6996066793615824,0.03520846864551575,0.5867016240812818,1.0,0.482,0.003698619149241576,2,Seca (sertao) (moderada),1.0,Estavel
2919157,Lapão,27323,0.596,244.43,0.9165848396716384,0.2914306522188432,0.526002570959639,0.9491367421675405,0.404,0.003705522848153498,2,Seca (sertao) (moderada),0.910102292708763,Estavel
2919207,Lauro de Freitas,204669,0.754,1031.78,0.05816663950946102,0.8901797414481065,0.05292261518858687,0.0,0.246,0.0,3,Enchente / chuva extrema (baixa),0.0,Estavel
2919306,Lençóis,11586,0.623,362.74,0.27838538106089133,0.7518221209141301,0.047626943863313786,0.00018673776820868508,0.377,7.433374975584729e-07,1,Enchente / chuva extrema (moderada),0.0,Estavel
2919405,Licínio de Almeida,12357,0.621,299.47,0.6977885401694638,0.3777982300281614,0.5140744832818313,0.7403457920895823,0.379,0.0029427824926019828,2,Seca (sertao) (moderada),0.8309394608674898,Estavel
2919504,Livramento de Nossa Senhora,46372,0.611,309.16,0.5730565040374855,0.32779115718830676,0.7002759188702514,0.7751967517940439,0.389,0.003059127062643559,2,Seca (sertao) (moderada),0.8200585326953793,Estavel
2919553,Luís Eduardo Magalhães,92671,0.716,871.12,0.8101902025900972,0.35401257306404293,0.352391965828066,0.7597835128142317,0.28400000000000003,0.0032434907144573326,3,Enchente / chuva extrema (baixa),0.5869144986680868,Estavel
2919603,Macajuba,11318,0.524,197.25,0.8074191466571136,0.22709891204852792,0.7705243505834228,1.0,0.476,0.003713654186433615,2,Seca (sertao) (moderada),1.0,Estavel
2919702,Macarani,19056,0.605,350.25,0.48139962136484815,0.4751618767693269,0.4581833050733903,0.5062012567808903,0.395,0.0019890093696339284,0,Seca (sertao) (baixa),0.38795051410342485,Estavel
2919801,Macaúbas,50481,0.609,255.36,0.5994871853880321,0.3290901952180143,0.5410607846358215,0.7219178782990289,0.391,0.0028447786815855762,2,Seca (sertao) (moderada),0.7737098312229694,Estavel
2919900,Macururé,7752,0.604,240.32,0.7081015607754042,0.18883638045702175,0.33200528014822595,0.7996355100832859,0.396,0.003139745677099755,0,Seca (sertao) (baixa),0.49963551008328594,Melhorando
2919926,Madre de Deus,21754,0.708,517.74,0.15371788357684082,0.6431665365557341,0.1528713472910551,0.04069088263290743,0.29200000000000004,0.00017263244207408538,3,Enchente / chuva extrema (baixa),0.0,Estavel
2919959,Maetinga,2386,0.538,268.47,0.5975381708924805,0.33779954001446644,0.7714579028428974,0.8153561437891443,0.46199999999999997,0.0030569461813008073,2,Seca (sertao) (moderada),0.8371491410942099,Estavel
2920007,Maiquinique,10294,0.576,306.24,0.45180055791679263,0.4937236176245247,0.44829526120931146,0.46952344243358357,0.42400000000000004,0.0018073202259061567,0,Seca (sertao) (baixa),0.414820266250317,Estavel
2920106,Mairi,18535,0.572,286.58,0.8112124278501756,0.2659271187257461,0.6718800783958794,0.9618670107390064,0.42800000000000005,0.0036921100714324842,2,Seca (sertao) (moderada),1.0,Estavel
2920205,Malhada,16875,0.562,218.66,0.7514547047882556,0.40737895084376446,0.5686834151917659,0.7786542334930112,0.43799999999999994,0.002968066181987117,2,Seca (sertao) (moderada),0.9356740650772513,Estavel
2920304,Malhada de Pedras,8326,0.578,244.02,0.5995893063149786,0.3633543875846962,0.9201949599362632,0.863896688423369,0.42200000000000004,0.00333004444805045,2,Seca (sertao) (moderada),0.9080208341059556,Estavel
2920403,Manoel Vitorino,12944,0.566,226.95,0.4751789655431043,0.21456603195220264,0.47722835162853333,0.6927859402475284,0.43400000000000005,0.0026481204276001466,0,Seca (sertao) (baixa),0.672730331135567,Estavel
2920452,Mansidão,13822,0.599,182.65,0.934770940408096,0.30052877365335173,0.4209280837830581,0.9086958087784079,0.401,0.0035552341354959105,2,Seca (sertao) (moderada),0.7120946961672887,Estavel
2920502,Maracás,19973,0.607,290.11,0.43246325834423005,0.13417013884414017,0.4523610861623681,0.7102067998766214,0.393,0.002794612049144912,0,Seca (sertao) (baixa),0.7172597626807163,Estavel
2920601,Maragogipe,44902,0.621,300.1,0.2504732404682724,0.3140647831659038,0.2647174233340066,0.38317980131025603,0.379,0.0015230920778679668,0,Seca (sertao) (baixa),0.10459126030053889,Estavel
2920700,Maraú,20664,0.593,437.51,0.15111667441966248,0.7732061144871661,0.34269345288665926,0.031062750104287173,0.40700000000000003,0.00012101344453673392,1,Enchente / chuva extrema (moderada),0.04676647943646485,Estavel
2920809,Marcionílio Souza,10357,0.561,201.52,0.5336013349602495,0.2676517742241515,0.47437726684650444,0.6926204425673578,0.43899999999999995,0.0026382887712835734,0,Seca (sertao) (baixa),0.6462673717981715,Estavel
2920908,Mascote,13619,0.581,272.97,0.2884204998268095,0.6058964607828384,0.47186485179668797,0.29446551038665114,0.41900000000000004,0.0011374697528553645,1,Enchente / chuva extrema (moderada),0.5944655103866512,Agravando
2921005,Mata de São João,47643,0.668,451.9,0.23991305929672718,0.6380751878051925,0.1739799501032163,0.10988144902547996,0.33199999999999996,0.00045217648190755367,3,Enchente / chuva extrema (baixa),0.0,Estavel
2921054,Matina,12359,0.572,227.07,0.7364058380668226,0.3866337180793156,0.46709163460719577,0.7388727204454675,0.42800000000000005,0.0028361503016591616,2,Seca (sertao) (moderada),0.8640429398926058,Estavel
2921104,Medeiros Neto,22741,0.625,392.49,0.29483509510214456,0.6449564275972768,0.35710386769268176,0.22112263456590334,0.375,0.0008814918868470141,1,Enchente / chuva extrema (moderada),0.5211226345659034,Agravando
2921203,Miguel Calmon,25771,0.586,279.05,0.837427082936316,0.41005956970989377,0.47392026918588365,0.7915635863972997,0.41400000000000003,0.0030684864904131836,2,Seca (sertao) (moderada),0.9178220828131898,Estavel
2921302,Milagres,10838,0.622,313.88,0.40312236727268913,0.2527410280314329,0.3012884039223223,0.5419549314321895,0.378,0.002155766765716926,0,Seca (sertao) (baixa),0.36236132453866465,Estavel
2921401,Mirangaba,18603,0.542,193.47,0.8435314723075656,0.30351642472928403,0.44515333029219284,0.8575119937401959,0.45799999999999996,0.003223817857389701,2,Seca (sertao) (moderada),0.888480824611154,Estavel
2921450,Mirante,8264,0.527,208.18,0.5181818104216163,0.2563553019138521,0.5544579703839408,0.725473784993988,0.473,0.0026996458438392173,0,Seca (sertao) (baixa),0.7051365838230083,Estavel
2921500,Monte Santo,49145,0.506,197.43,0.6698791504044554,0.23781721826837735,0.6885670861496728,0.8963682396056623,0.494,0.0032886956214338695,2,Seca (sertao) (moderada),0.973134774701074,Estavel
2921609,Morpará,8476,0.558,224.53,0.8995903088493289,0.3373392213959477,0.7621475801834002,1.0,0.44199999999999995,0.00380121607432456,2,Seca (sertao) (moderada),1.0,Estavel
2921708,Morro do Chapéu,35466,0.588,250.88,0.8157205330321284,0.3597703732299305,0.4326269466751121,0.7944789447503053,0.41200000000000003,0.0030841501468746955,2,Seca (sertao) (moderada),0.776659930818326,Estavel
2921807,Mortugaba,12063,0.618,330.3,0.6467729798330741,0.3545849776239076,0.605036479476925,0.7630089409373756,0.382,0.0030262820472868194,2,Seca (sertao) (moderada),0.8159859672115672,Estavel
2921906,Mucugê,8725,0.606,312.35,0.44071650450078087,0.2595625024544826,0.42453054108323074,0.6157008836836503,0.394,0.00242100017394635,0,Seca (sertao) (baixa),0.6093504758146157,Estavel
2922003,Mucuri,42729,0.665,546.41,0.4384480823105825,0.676196935487964,0.2716338553405144,0.2558276593385582,0.33499999999999996,0.001050398394133055,3,Enchente / chuva extrema (baixa),0.2583719881136396,Estavel
2922052,Mulungu do Morro,10469,0.566,199.94,0.5762072317793138,0.48536681699043943,0.32846311354627483,0.504331822000359,0.43400000000000005,0.0019277692033570631,0,Seca (sertao) (baixa),0.39689907816465597,Estavel
2922102,Mundo Novo,27153,0.59,346.89,0.7896991079572381,0.2660799416311916,0.7033106046121563,0.9614370624829273,0.41000000000000003,0.0037375719741796222,2,Seca (sertao) (moderada),0.9677098328516069,Estavel
2922201,Muniz Ferreira,7464,0.617,297.78,0.23986607617131817,0.4889837594865807,0.23601021124263927,0.241300499553534,0.383,0.0009563654062796271,1,Enchente / chuva extrema (moderada),0.00628699240322389,Estavel
2922250,Muquém do São Francisco,11479,0.549,166.67,0.8393876017061027,0.32021185821345954,0.7927177737044798,0.9951917274348506,0.45099999999999996,0.0037594746637776566,2,Seca (sertao) (moderada),1.0,Estavel
2922300,Muritiba,29420,0.66,401.14,0.27438711590651627,0.1324136761395831,0.3084202533046683,0.5450360786352066,0.33999999999999997,0.0022295040749307094,3,Enchente / chuva extrema (baixa),0.24503607863520666,Estavel
2922409,Mutuípe,22340,0.601,374.8,0.27950867711651556,0.48091999428079707,0.2572698571967708,0.28217997870967804,0.399,0.0011055955941902112,1,Enchente / chuva extrema (moderada),0.12324504030881578,Estavel
2922508,Nazaré,28661,0.641,421.82,0.23020159290310963,0.45786359764862306,0.23335849184643742,0.25559005800522544,0.359,0.001030889977372147,3,Enchente / chuva extrema (baixa),0.005767516955053842,Estavel
2922607,Nilo Peçanha,14156,0.547,218.32,0.13504343835251173,0.8329317234261439,0.17949803131735237,0.0,0.45299999999999996,0.0,1,Enchente / chuva extrema (moderada),0.0,Estavel
2922656,Nordestina,13197,0.56,187.22,0.6819528398452069,0.3025934254864205,0.7178772795857531,0.8717719960175977,0.43999999999999995,0.003318396215691999,2,Seca (sertao) (moderada),0.7291009282565808,Estavel
2922706,Nova Canaã,16482,0.545,251.9,0.4799180135265989,0.42825914806972626,0.4891280926543498,0.5515860744351525,0.45499999999999996,0.0020779644696417667,0,Seca (sertao) (baixa),0.45060260087823967,Estavel
2922730,Nova Fátima,7830,0.597,287.32,0.7162962885881169,0.1979553337498319,0.62387939372005,0.9263220124275103,0.403,0.0036190295639979067,2,Seca (sertao) (moderada),0.8976591162277722,Estavel
2922755,Nova Ibiá,6518,0.57,378.1,0.32461913901821954,0.3692748104715714,0.20062748104984215,0.36502098897958996,0.43000000000000005,0.0013991672058864643,0,Seca (sertao) (baixa),0.30841483957330323,Estavel
2922805,Nova Itarana,8328,0.524,188.86,0.48220794768386593,0.23732213190245788,0.4365371809672306,0.6636598776521234,0.476,0.002464603283010829,0,Seca (sertao) (baixa),0.5912199132723199,Estavel
2922854,Nova Redenção,9126,0.567,222.33,0.410430356608034,0.5207785217715417,0.2612243307418238,0.3416786466269217,0.43300000000000005,0.0013069514812397028,1,Enchente / chuva extrema (moderada),0.19410158808823882,Estavel
2922904,Nova Soure,27047,0.555,241.71,0.6221177049439975,0.1906904973945955,0.5790909506752657,0.8501923940613848,0.44499999999999995,0.0032250554478730777,2,Seca (sertao) (moderada),0.7553225831489808,Estavel
2923001,Nova Viçosa,44170,0.654,476.79,0.43872683287510933,0.7054206672214111,0.2638353220020442,0.23215199231933828,0.346,0.0009453990743034529,3,Enchente / chuva extrema (baixa),0.16045036913115016,Estavel
2923035,Novo Horizonte,12653,0.597,257.12,0.48068675207870115,0.28650574501309867,0.45098692269728946,0.6345763927854211,0.403,0.002479214242234478,0,Seca (sertao) (baixa),0.6434109714667852,Estavel
2923050,Novo Triunfo,15445,0.554,194.56,0.5539115944582571,0.27089104460186086,0.30046516768418097,0.6275494302011211,0.44599999999999995,0.002378852223611884,0,Seca (sertao) (baixa),0.5389913615912676,Estavel
2923100,Olindina,28373,0.559,222.62,0.560806605557628,0.283414831818095,0.4994781713410486,0.7103734989777841,0.44099999999999995,0.0027021570584133707,0,Seca (sertao) (baixa),0.5994925346211362,Estavel
2923209,Oliveira dos Brejinhos,21797,0.554,220.72,0.7720912271729936,0.34531977482507514,0.7067443502742448,0.8959807217740999,0.44599999999999995,0.0033963949766038534,2,Seca (sertao) (moderada),0.9651844995671798,Estavel
2923308,Ouriçangas,8575,0.607,281.59,0.48555543765921066,0.19081138546955895,0.4238428468370996,0.692836230137972,0.393,0.00272626012193079,0,Seca (sertao) (baixa),0.5252959499511624,Estavel
2923357,Ourolândia,17567,0.56,239.93,0.9204315288300844,0.2070990539537628,0.3616681773362748,0.9387526389148303,0.43999999999999995,0.0035733577342199545,2,Seca (sertao) (moderada),0.8855473195153659,Estavel
2923407,Palmas de Monte Alto,21840,0.586,262.69,0.7443213602911247,0.3964314096754824,0.4665845069846644,0.7369747275913975,0.41400000000000003,0.0028568734518001236,2,Seca (sertao) (moderada),0.8669494467594762,Estavel
2923506,Palmeiras,9123,0.643,350.79,0.2836961170846957,0.7318736665624453,0.060189451490780234,0.02311440433269423,0.357,9.336641335264194e-05,3,Enchente / chuva extrema (baixa),0.0,Estavel
2923605,Paramirim,21777,0.615,343.78,0.5583819876303734,0.28531965030910017,0.5508005295939629,0.7299098462510262,0.385,0.002888732092580417,2,Seca (sertao) (moderada),0.7830053161671154,Estavel
2923704,Paratinga,32274,0.59,201.79,0.7571541739431138,0.34246272072304534,0.7003431406537212,0.8854063731022259,0.41000000000000003,0.0034420038242759855,2,Seca (sertao) (moderada),0.9778496950377958,Estavel
2923803,Paripiranga,29124,0.577,273.23,0.5370933594789202,0.32797676853667246,0.3413918448485015,0.5945139343920082,0.42300000000000004,0.0022900499523187973,0,Seca (sertao) (baixa),0.49223541408216354,Estavel
2923902,Pau Brasil,9550,0.583,296.08,0.3131468873239799,0.6160073380144958,0.518784879975898,0.32409785185671164,0.41700000000000004,0.0012537014257431504,1,Enchente / chuva extrema (moderada),0.49934504681864267,Agravando
2924009,Paulo Afonso,119213,0.674,544.73,0.5791394490428728,0.26991156106525543,0.2527119303483588,0.6238461992645694,0.32599999999999996,0.002578824733932278,3,Enchente / chuva extrema (baixa),0.38013877830661896,Estavel
2924058,Pé de Serra,13535,0.587,257.45,0.7100256025145464,0.12737204408435018,0.6436842051610412,0.9802671933857349,0.41300000000000003,0.003802683007086854,2,Seca (sertao) (moderada),0.9441842543647557,Estavel
2924108,Pedrão,7438,0.588,221.53,0.4526184137356924,0.20745381617851708,0.4020012011262053,0.6500872704749705,0.41200000000000003,0.002523624778183248,0,Seca (sertao) (baixa),0.45118655941308355,Estavel
2924207,Pedro Alexandre,16698,0.513,167.65,0.523021694933553,0.31439467240461705,0.20644801069242022,0.5357674956838777,0.487,0.001974936839322793,0,Seca (sertao) (baixa),0.3993560008933057,Estavel
2924306,Piatã,16854,0.571,234.44,0.4760236492519144,0.1164169551431852,0.49833067445205936,0.7712399753968997,0.42900000000000005,0.0029583198037406704,0,Seca (sertao) (baixa),0.8395887851725531,Estavel
2924405,Pilão Arcado,35295,0.506,195.98,0.9892464765937107,0.2539560408960162,0.5987326620558743,1.0,0.494,0.003668911364910318,2,Seca (sertao) (moderada),0.867652332640739,Estavel
2924504,Pindaí,16308,0.603,270.15,0.742264979679798,0.3986919711585174,0.42647325815203685,0.7164977204302536,0.397,0.0028112937325353088,2,Seca (sertao) (moderada),0.8362015997913976,Estavel
2924603,Pindobaçu,20048,0.577,212.52,0.7542486473504028,0.3046074853973707,0.5576981430521493,0.8475781016288088,0.42300000000000004,0.0032648455804597915,2,Seca (sertao) (moderada),0.9248033270647915,Estavel
2924652,Pintadas,10353,0.612,281.74,0.8028415309909906,0.2238653781395418,0.69047465874896,0.9939539837163297,0.388,0.003925225667276486,2,Seca (sertao) (moderada),1.0,Estavel
2924678,Piraí do Norte,10050,0.533,238.62,0.2237581623909566,0.5967520091046089,0.19978649888807448,0.13951454511159359,0.46699999999999997,0.0005212873559608365,1,Enchente / chuva extrema (moderada),0.08508481886782127,Estavel
2924702,Piripá,10253,0.575,241.1,0.6039716563278129,0.3345366102000328,0.6742220894060232,0.7793040245457764,0.42500000000000004,0.002997642739796677,2,Seca (sertao) (moderada),0.7919642024349857,Estavel
2924801,Piritiba,25162,0.578,271.4,0.783370742830555,0.3482805795306589,0.5858149787302981,0.8483780022005795,0.42200000000000004,0.0032702248937105083,2,Seca (sertao) (moderada),0.8880109039720705,Estavel
2924900,Planaltino,9415,0.572,282.33,0.48830914353100047,0.1527771374753692,0.48712095208379824,0.7489342417744175,0.42800000000000005,0.0028747712792140606,0,Seca (sertao) (baixa),0.7410596490895697,Estavel
2925006,Planalto,26581,0.56,256.26,0.5377991216631933,0.3118349777123687,0.5081158493145983,0.6792165654399895,0.43999999999999995,0.0025854348277848105,0,Seca (sertao) (baixa),0.6202673594550123,Estavel
2925105,Poções,46885,0.604,300.74,0.5027156177222558,0.29862331739624604,0.47314449074576087,0.6502055059520319,0.396,0.002553013092586047,0,Seca (sertao) (baixa),0.5930904878391241,Estavel
2925204,Pojuca,40401,0.666,443.8,0.2833828333826765,0.5549891560473439,0.21681768142710775,0.21519410729334074,0.33399999999999996,0.0008842241306071519,3,Enchente / chuva extrema (baixa),0.0,Estavel
2925253,Ponto Novo,14729,0.58,229.61,0.7582139706946837,0.34303501474641807,0.5708343084642296,0.8290347266377855,0.42000000000000004,0.0032001637085332644,2,Seca (sertao) (moderada),0.8634793108590363,Estavel
2925303,Porto Seguro,152529,0.676,527.04,0.10806054209097274,0.7467818576934268,0.2613960196419946,0.0,0.32399999999999995,0.0,3,Enchente / chuva extrema (baixa),0.3,Agravando
2925402,Potiraguá,6623,0.625,323.92,0.3331198727033227,0.5871862141961085,0.4657485257313991,0.3341240539468099,0.375,0.0013319651483564702,1,Enchente / chuva extrema (moderada),0.5253950717244766,Agravando
2925501,Prado,28214,0.621,369.96,0.18126952830613072,0.6376666752601433,0.456056098139549,0.1952181587750926,0.379,0.0007759679139390902,1,Enchente / chuva extrema (moderada),0.49521815877509257,Agravando
2925600,Presidente Dutra,15180,0.614,280.86,0.9292617079401283,0.27912890639580545,0.5414783244536473,0.9728084130180861,0.386,0.0038472632586935246,2,Seca (sertao) (moderada),0.9370341562803247,Estavel
2925709,Presidente Jânio Quadros,12028,0.542,220.1,0.6038588824259551,0.34488897481347786,0.7762253232123904,0.8166173403955332,0.45799999999999996,0.003070074335798528,2,Seca (sertao) (moderada),0.8470257326565894,Estavel
2925758,Presidente Tancredo Neves,28272,0.559,270.35,0.24032228502523068,0.6349596470001074,0.2265630217880252,0.13533584226770645,0.44099999999999995,0.0005147977816827852,1,Enchente / chuva extrema (moderada),0.0180005161542367,Estavel
2925808,Queimadas,25428,0.592,245.7,0.6836851823056055,0.3257131058687711,0.7080714983175664,0.8524396933376959,0.40800000000000003,0.0033185535256450888,2,Seca (sertao) (moderada),0.6739042992941973,Estavel
2925907,Quijingue,27672,0.544,228.71,0.6597453138823456,0.15643509925210702,0.7741668941597103,0.9841287985608462,0.45599999999999996,0.0037049161486000597,2,Seca (sertao) (moderada),1.0,Estavel
2925931,Quixabeira,8939,0.578,241.1,0.7922580792628293,0.36018822886845675,0.5592432857412082,0.8342354625198124,0.42200000000000004,0.003215709942586872,2,Seca (sertao) (moderada),0.9042396001397488,Estavel
2925956,Rafael Jambeiro,22643,0.564,226.94,0.4910680988786694,0.16038943425318444,0.4326467080423895,0.7215790784620663,0.43600000000000005,0.00275433848494887,0,Seca (sertao) (baixa),0.5326531017348707,Estavel
2926004,Remanso,41324,0.579,275.22,0.9990455821985793,0.32141216480832363,0.9632892413188319,1.0,0.42100000000000004,0.0038573916813342823,2,Seca (sertao) (moderada),0.9475016777590829,Estavel
2926103,Retirolândia,14588,0.636,293.01,0.7020813823409154,0.1417307914674971,0.6321796981024519,0.9599902433029921,0.364,0.003857804953154626,2,Seca (sertao) (moderada),0.9533553468313245,Estavel
2926202,Riachão das Neves,22330,0.578,212.09,0.7718371133358901,0.4494678458462131,0.4398945409560297,0.7061928959040208,0.42200000000000004,0.002722146946239226,2,Seca (sertao) (moderada),0.49285173622983136,Estavel
2926301,Riachão do Jacuípe,33498,0.628,311.47,0.6459605320547755,0.08972853818614417,0.581718536068175,0.9375774908120419,0.372,0.0037457680284383775,2,Seca (sertao) (moderada),0.8952356234594009,Estavel
2926400,Riacho de Santana,35757,0.615,281.05,0.7240415254546275,0.3678280299691822,0.5427174354653785,0.7770294450793586,0.385,0.003075215256253354,2,Seca (sertao) (moderada),0.9077982738733505,Estavel
2926509,Ribeira do Amparo,14631,0.512,183.12,0.5902398215163938,0.2692213867149052,0.5161376271030382,0.7468493295241543,0.488,0.0027511728800352357,0,Seca (sertao) (baixa),0.5890599930324946,Estavel
2926608,Ribeira do Pombal,54097,0.601,332.86,0.6271200344641931,0.17379699015954456,0.6086404809210273,0.8782133562096717,0.399,0.0034408848630021905,2,Seca (sertao) (moderada),0.8144912892419011,Estavel
2926657,Ribeirão do Largo,4896,0.54,271.68,0.5199044583654909,0.3984393981154716,0.4757014360929389,0.5927352692734756,0.45999999999999996,0.0022253367052986472,0,Seca (sertao) (baixa),0.514112916863738,Estavel
2926707,Rio de Contas,12878,0.605,294.83,0.5055808944191297,0.24226488229258575,0.5890051168861735,0.742203412736852,0.395,0.0029163292708830084,2,Seca (sertao) (moderada),0.7852475220764833,Estavel
2926806,Rio do Antônio,15521,0.576,252.98,0.6167975367929349,0.36697142054275145,0.7564576668613512,0.800983725883207,0.42400000000000004,0.0030831987448958265,2,Seca (sertao) (moderada),0.855421926441004,Estavel
2926905,Rio do Pires,11672,0.594,274.58,0.49621648832525256,0.2064833697951213,0.49775647264241013,0.7211862984225345,0.406,0.002811576883436032,0,Seca (sertao) (baixa),0.7676978934193628,Estavel
2927002,Rio Real,41209,0.572,274.86,0.3592327847222564,0.6335925868716086,0.2152961951048374,0.20915922298665332,0.42800000000000005,0.0008028541005151025,1,Enchente / chuva extrema (moderada),0.0,Estavel
2927101,Rodelas,9548,0.632,271.59,0.6858547490380804,0.20326945321001774,0.32272154380057955,0.7709208287096387,0.368,0.003088954417915876,0,Seca (sertao) (baixa),0.47092082870963875,Estavel
2927200,Ruy Barbosa,30900,0.61,301.42,0.7720014456275398,0.25355609970662907,0.6747505519271024,0.9461245465118833,0.39,0.003730966308898702,2,Seca (sertao) (moderada),0.9462784605818404,Estavel
2927309,Salinas da Margarida,16047,0.617,286.45,0.14743011620092608,0.6542513555663575,0.14854129414948922,0.026927281826590006,0.383,0.00010672303153843847,1,Enchente / chuva extrema (moderada),0.0,Estavel
2927408,Salvador,2900319,0.759,973.0,0.033880063520624094,0.9263436222187976,0.03320761031258899,0.0,0.241,0.0,3,Enchente / chuva extrema (baixa),0.0,Estavel
2927507,Santa Bárbara,20971,0.583,251.87,0.582702779187238,0.07957441021386072,0.5138114583155433,0.873583902460136,0.41700000000000004,0.0033792676432324747,0,Seca (sertao) (baixa),0.7808382737232477,Estavel
2927606,Santa Brígida,13917,0.546,220.77,0.5414220983207113,0.2952429711377446,0.1884661811781648,0.5533373633646649,0.45399999999999996,0.0020859956926896324,0,Seca (sertao) (baixa),0.3506318259579556,Estavel
2927705,Santa Cruz Cabrália,28058,0.654,388.28,0.2897760849767055,0.5728555315828423,0.2770648214758337,0.23323715774634748,0.346,0.0009498182239300019,3,Enchente / chuva extrema (baixa),0.5332371577463475,Agravando
2927804,Santa Cruz da Vitória,6241,0.61,282.42,0.395276008203648,0.4914070969934267,0.5466946330543027,0.47721641589637115,0.39,0.0018818646829605208,1,Enchente / chuva extrema (moderada),0.4671984109237092,Estavel
2927903,Santa Inês,10583,0.574,280.25,0.38656774407079225,0.24760883140851742,0.35495294267284344,0.5581949158047663,0.42600000000000005,0.0021456267178291094,0,Seca (sertao) (baixa),0.47292498419655987,Estavel
2928000,Santaluz,37704,0.598,260.09,0.6942159125143633,0.2821162805038459,0.6978648054687324,0.8853653949495683,0.402,0.003461484148705708,2,Seca (sertao) (moderada),0.7838825826445368,Estavel
2928059,Santa Luzia,12308,0.556,267.88,0.14398019318287253,0.7521185169980482,0.5942959949445248,0.1512321990811787,0.44399999999999995,0.000574070052437866,1,Enchente / chuva extrema (moderada),0.4512321990811787,Agravando
2928109,Santa Maria da Vitória,39707,0.614,318.31,0.8684099579636354,0.5558675436905457,0.7219257880340575,0.8183328282423785,0.386,0.003236343129180081,2,Seca (sertao) (moderada),1.0,Agravando
2928208,Santana,26792,0.608,304.18,0.8429252121283329,0.46337931767893636,0.7006557224857887,0.8570610576145923,0.392,0.0033748956147472173,2,Seca (sertao) (moderada),1.0,Agravando
2928307,Santanópolis,8987,0.592,263.19,0.5333988243006905,0.11374017438905591,0.4712258360217081,0.7987908382401916,0.40800000000000003,0.0031096981677563094,0,Seca (sertao) (baixa),0.6535257476202319,Estavel
2928406,Santa Rita de Cássia,28613,0.605,267.32,0.9580215763870353,0.33337964061562125,0.4659560151824919,0.920625125478198,0.395,0.003617399158866874,2,Seca (sertao) (moderada),0.7970151896241935,Estavel
2928505,Santa Terezinha,10520,0.587,243.04,0.3913896351990247,0.2506552986606839,0.3069864700701987,0.5382312019868999,0.41300000000000003,0.0020879232310227194,0,Seca (sertao) (baixa),0.32578969659674734,Estavel
2928604,Santo Amaro,60190,0.646,392.75,0.3049405529724869,0.3159016395653194,0.3039447785449341,0.43469295846001005,0.354,0.0017597531785061942,3,Enchente / chuva extrema (baixa),0.17825937450329532,Estavel
2928703,Santo Antônio de Jesus,103204,0.7,540.38,0.2640372680556675,0.45837919898191565,0.24165089951901597,0.2809943547156575,0.30000000000000004,0.0011847918553453262,3,Enchente / chuva extrema (baixa),0.052522565170874475,Estavel
2928802,Santo Estêvão,53666,0.626,358.13,0.3617326729467233,0.15714356243201727,0.3524072465074784,0.6041254250349507,0.374,0.002410061907413798,0,Seca (sertao) (baixa),0.34188911441491754,Estavel
2928901,São Desidério,34764,0.579,302.2,0.8211938111972917,0.4139046836680378,0.557572972265784,0.8148538484092221,0.42100000000000004,0.00314321045635696,2,Seca (sertao) (moderada),0.866137720064073,Estavel
2928950,São Domingos,9085,0.64,335.76,0.7106870788420244,0.22347418694031623,0.6403064562569719,0.9119857768703236,0.36,0.0036756738986807114,2,Seca (sertao) (moderada),0.8524002260177471,Estavel
2929008,São Félix,14784,0.639,299.65,0.27399223266682454,0.1536889683227326,0.30460117592942365,0.5282218370526365,0.361,0.0021273847590943416,0,Seca (sertao) (baixa),0.2282218370526365,Estavel
2929057,São Félix do Coribe,15543,0.639,335.9,0.8486083110125165,0.5010846952777279,0.6832805990298935,0.8267970202836264,0.361,0.0033298800928609263,2,Seca (sertao) (moderada),1.0,Agravando
2929107,São Felipe,21083,0.616,268.96,0.2675837260570397,0.24696891124104617,0.2838012412587666,0.4496666157637091,0.384,0.0017809116428846626,0,Seca (sertao) (baixa),0.16263468134978154,Estavel
2929206,São Francisco do Conde,40664,0.674,433.23,0.2019665440330833,0.5360232472880987,0.19958278169735907,0.1676562508696464,0.32599999999999996,0.0006930491634808205,3,Enchente / chuva extrema (baixa),0.0,Estavel
2929255,São Gabriel,18785,0.592,245.38,0.94009186295268,0.2738104822911796,0.5313235892672726,0.979171884094483,0.40800000000000003,0.0038119228064700406,2,Seca (sertao) (moderada),0.9417322021939296,Estavel
2929305,São Gonçalo dos Campos,38315,0.627,419.27,0.4086644019692281,0.1455481938327562,0.388855280432144,0.6588900544881394,0.373,0.0026304510986540734,0,Seca (sertao) (baixa),0.3982001068106499,Estavel
2929354,São José da Vitória,5562,0.546,250.42,0.21469056142618562,0.6923864918845998,0.669879555826027,0.2723550604661671,0.45399999999999996,0.0010267361660886692,1,Enchente / chuva extrema (moderada),0.5577980908110578,Agravando
2929370,São José do Jacuípe,10546,0.552,253.57,0.7576254507504455,0.30731728676739034,0.624532176248871,0.8771337021296997,0.44799999999999995,0.0033203590867296536,2,Seca (sertao) (moderada),0.8799006702950306,Estavel
2929404,São Miguel das Matas,11733,0.593,274.08,0.32656682171263657,0.3493910310829976,0.2451615923903628,0.39969183501838573,0.40700000000000003,0.0015571089342185202,0,Seca (sertao) (baixa),0.18923463845556018,Estavel
2929503,São Sebastião do Passé,44554,0.657,411.75,0.26836634866462267,0.4831257602654935,0.2395946465617188,0.26561342158174,0.34299999999999997,0.001084081220449932,3,Enchente / chuva extrema (baixa),0.028627426804076928,Estavel
2929602,Sapeaçu,17421,0.614,338.34,0.2781913193304321,0.17893864311676677,0.2995477468893164,0.511092492141049,0.386,0.0020212688752433827,0,Seca (sertao) (baixa),0.21109249214104903,Estavel
2929701,Sátiro Dias,17330,0.527,208.2,0.6317149757105284,0.15427401409081365,0.5534212098075504,0.8707181540941702,0.473,0.0032401317517974293,0,Seca (sertao) (baixa),0.8400077144414178,Estavel
2929750,Saubara,12163,0.617,265.17,0.1997755162003127,0.5043658791053278,0.20354869961188335,0.19010657223213742,0.383,0.000753464454178966,1,Enchente / chuva extrema (moderada),0.0,Estavel
2929800,Saúde,12971,0.549,238.81,0.8097320963338562,0.37907997546445404,0.493862647602441,0.8038441405595685,0.45099999999999996,0.003036632637460964,2,Seca (sertao) (moderada),0.9015706410502049,Estavel
2929909,Seabra,44370,0.635,310.95,0.45151945494816814,0.49981200891636324,0.2873619209140743,0.3946659568213807,0.365,0.0015848378424921628,3,Enchente / chuva extrema (baixa),0.26960761261778676,Estavel
2930006,Sebastião Laranjeiras,11586,0.615,276.29,0.7306217178024871,0.3921111863435838,0.4686151094780348,0.7319228418788171,0.385,0.002896698836832588,2,Seca (sertao) (moderada),0.8531893372138212,Estavel
2930105,Senhor do Bonfim,79813,0.666,422.89,0.700348399918083,0.2648325636020764,0.6130905561743918,0.8643781325573024,0.33399999999999996,0.003551695780100787,2,Seca (sertao) (moderada),0.9701184993912961,Estavel
2930154,Serra do Ramalho,31362,0.595,216.59,0.7954450384046972,0.4210381092836841,0.6477554628219567,0.8324750392752925,0.405,0.0032477509153781624,2,Seca (sertao) (moderada),1.0,Estavel
2930204,Sento Sé,41279,0.585,222.84,0.9569146461956913,0.22769538759968974,0.5538748156660549,1.0,0.41500000000000004,0.0038737481124918836,2,Seca (sertao) (moderada),0.9285599811279921,Estavel
2930303,Serra Dourada,17261,0.608,228.74,0.847400205550734,0.42263580172750126,0.7692564712940045,0.9185095494342266,0.392,0.0036168646596973037,2,Seca (sertao) (moderada),1.0,Estavel
2930402,Serra Preta,14531,0.566,232.52,0.5340984340435451,0.09564480030259646,0.4802897544443611,0.8158744678550288,0.43400000000000005,0.003118616760484999,0,Seca (sertao) (baixa),0.6646094529052312,Estavel
2930501,Serrinha,81693,0.634,367.73,0.7544069236908713,0.0007512628702783565,0.6226563982557597,1.0,0.366,0.0040127039379033785,2,Seca (sertao) (moderada),1.0,Agravando
2930600,Serrolândia,13490,0.59,261.29,0.8201926703976341,0.39247495923825,0.5248725565485353,0.8148842467357104,0.41000000000000003,0.003167850129403501,2,Seca (sertao) (moderada),0.9223009872606304,Estavel
2930709,Simões Filho,137117,0.675,431.97,0.08492920844506248,0.8326471002847492,0.07845137677825924,0.0,0.32499999999999996,0.0,3,Enchente / chuva extrema (baixa),0.0,Estavel
2930758,Sítio do Mato,13104,0.564,135.49,0.7940367662399763,0.35228878012654313,0.7219127628562345,0.9120994316870298,0.43600000000000005,0.0034815734571323888,2,Seca (sertao) (moderada),1.0,Estavel
2930766,Sítio do Quinto,9431,0.533,247.62,0.5253422319816441,0.3086335792344653,0.21051001296172378,0.5430936171769094,0.46699999999999997,0.002029235270852284,0,Seca (sertao) (baixa),0.40945440415143486,Estavel
2930774,Sobradinho,23274,0.631,344.74,0.913509500170296,0.19528219328806162,0.4292254405484713,0.9720500639416987,0.369,0.0038920015318664025,2,Seca (sertao) (moderada),0.6720500639416986,Estavel
2930808,Souto Soares,17118,0.592,220.67,0.5963177047473442,0.44511548844542775,0.3762289367622841,0.5665493886813668,0.40800000000000003,0.002205580624594172,0,Seca (sertao) (baixa),0.467998785830386,Estavel
2930907,Tabocas do Brejo Velho,12515,0.584,216.5,0.8493374784857171,0.39590781936370656,0.7205876518952076,0.9171824976759207,0.41600000000000004,0.003550424835023662,2,Seca (sertao) (moderada),1.0,Estavel
2931004,Tanhaçu,20383,0.577,268.62,0.5590923166224487,0.31004179869217785,0.7976368568650072,0.8210776010944254,0.42300000000000004,0.003162766442403503,2,Seca (sertao) (moderada),0.8428950176942764,Estavel
2931053,Tanque Novo,17518,0.599,301.39,0.6203441483676628,0.340130184622301,0.5217782934745421,0.7194027270858913,0.401,0.002814632914333502,2,Seca (sertao) (moderada),0.7866253033377373,Estavel
2931103,Tanquinho,7936,0.597,273.12,0.5833319732365626,0.06585177118005388,0.5145819289384144,0.8839334782634521,0.403,0.0034534226192679102,0,Seca (sertao) (baixa),0.779498392858824,Estavel
2931202,Taperoá,21421,0.566,270.97,0.18728105220356417,0.7698750439988967,0.2072074761968859,0.0,0.43400000000000005,0.0,1,Enchente / chuva extrema (moderada),0.0,Estavel
2931301,Tapiramutá,16939,0.594,312.39,0.7621968127345552,0.33531670550111425,0.5815281343912156,0.841719390225233,0.406,0.0032814805065952586,2,Seca (sertao) (moderada),0.8482034879792637,Estavel
2931350,Teixeira de Freitas,164290,0.685,560.73,0.2884515281404045,0.6633936614846598,0.3717658287336204,0.21046202638688072,0.31499999999999995,0.0008772751190998979,3,Enchente / chuva extrema (baixa),0.5104620263868807,Agravando
2931400,Teodoro Sampaio,7296,0.594,272.86,0.4096909069729766,0.25301402554193275,0.367565317248112,0.575059819463389,0.406,0.0022418963013200286,0,Seca (sertao) (baixa),0.35836887208571466,Estavel
2931509,Teofilândia,22590,0.566,278.91,0.7188450442708,0.031046598725858687,0.6189575469860723,1.0,0.43400000000000005,0.003822422300680624,2,Seca (sertao) (moderada),1.0,Agravando
2931608,Teolândia,15097,0.555,231.92,0.26119247307040233,0.5422694035841171,0.23776083270702736,0.21873870577314083,0.44499999999999995,0.0008297468427639689,1,Enchente / chuva extrema (moderada),0.12625706072543202,Estavel
2931707,Terra Nova,13018,0.578,296.6,0.3559612826523059,0.3206116352442793,0.32282336448966426,0.4730377677742361,0.42200000000000004,0.0018234087633437,0,Seca (sertao) (baixa),0.25114168189350106,Estavel
2931806,Tremedal,15996,0.528,237.3,0.5954889262010995,0.321836898823621,0.6378730051199724,0.7667354014782457,0.472,0.0028551276067756396,2,Seca (sertao) (moderada),0.76074046320177,Estavel
2931905,Tucano,50903,0.579,325.7,0.6570243143692454,0.14583905057160723,0.6627861484387145,0.9410290034947778,0.42100000000000004,0.0036299174499750454,2,Seca (sertao) (moderada),0.9214088879081164,Estavel
2932002,Uauá,23991,0.605,251.46,0.7079702752291119,0.19557963659792094,0.5195292584182469,0.8768800678249679,0.395,0.0034455123285164835,2,Seca (sertao) (moderada),0.6048629255839504,Estavel
2932101,Ubaíra,19860,0.582,296.48,0.3449369969892406,0.3024200983507892,0.27548957489291614,0.4578424213243543,0.41800000000000004,0.0017698139596790286,0,Seca (sertao) (baixa),0.29590467444134705,Estavel
2932200,Ubaitaba,18647,0.611,349.68,0.3450675001965952,0.3878979496917867,0.3198763517135956,0.41754537184562945,0.389,0.0016477421299023911,0,Seca (sertao) (baixa),0.3912734542936992,Estavel
2932309,Ubatã,27481,0.593,306.52,0.4024022922163753,0.2331024466700886,0.17479822826044542,0.4998797906709814,0.40700000000000003,0.0019474185357158077,0,Seca (sertao) (baixa),0.4548518833456757,Estavel
2932408,Uibaí,13894,0.617,286.67,0.9173166816567949,0.29446591255074667,0.546056218128309,0.9562661432390128,0.383,0.003790045442435291,2,Seca (sertao) (moderada),0.9171108850102073,Estavel
2932457,Umburanas,19573,0.515,148.15,0.9705689562863243,0.12318409837936423,0.258618756993258,0.9851768164349607,0.485,0.0036364326389811477,0,Seca (sertao) (baixa),0.8461675449975286,Estavel
2932507,Una,18108,0.56,303.78,0.08624428048297206,0.8048602512745169,0.6254266830207161,0.0901796441929718,0.43999999999999995,0.00034326841351803165,1,Enchente / chuva extrema (moderada),0.3901796441929718,Agravando
2932606,Urandi,16672,0.598,325.07,0.713579494592266,0.3816298527709266,0.5035007824065263,0.743369846510323,0.402,0.0029063287937381482,2,Seca (sertao) (moderada),0.8533246681714045,Estavel
2932705,Uruçuca,20312,0.616,349.43,0.2739925976780178,0.7039750769675084,0.9011834744791379,0.4042488461695224,0.384,0.0016010338582580102,1,Enchente / chuva extrema (moderada),0.4509402586798346,Agravando
2932804,Utinga,19330,0.59,327.96,0.6361831760940555,0.44759691426663883,0.42538147727145825,0.6124010193337791,0.41000000000000003,0.002380699659018617,0,Seca (sertao) (baixa),0.5376986429821733,Estavel
2932903,Valença,97873,0.623,376.23,0.1842481236791186,0.8721834193313933,0.19868563484980958,0.0,0.377,0.0,1,Enchente / chuva extrema (moderada),0.0,Estavel
2933000,Valente,29111,0.637,385.3,0.695803536787071,0.2016127859579898,0.6566154224438895,0.9246790113062486,0.363,0.003718629939994457,2,Seca (sertao) (moderada),0.8923583663940472,Estavel
2933059,Várzea da Roça,14135,0.539,228.58,0.801194575159363,0.290936655142815,0.6316293067531942,0.9202042560046432,0.46099999999999997,0.0034524058126105778,2,Seca (sertao) (moderada),0.9635613768265576,Estavel
2933109,Várzea do Poço,9247,0.575,296.74,0.8180141387656317,0.36231640741919313,0.5643526551384803,0.8518328099398924,0.42500000000000004,0.0032766293485077835,2,Seca (sertao) (moderada),0.9422216671137522,Estavel
2933158,Várzea Nova,12556,0.555,234.88,0.877774451876013,0.3030964469763811,0.44680633684270665,0.8809323610883821,0.44499999999999995,0.0033416621110475995,2,Seca (sertao) (moderada),0.9202291026780917,Estavel
2933174,Varzedo,8734,0.586,297.56,0.32242952535791686,0.3365053268543674,0.2484261636441589,0.40742866750897144,0.41400000000000003,0.0015793922099782284,0,Seca (sertao) (baixa),0.1755867119600556,Estavel
2933208,Vera Cruz,44185,0.645,408.64,0.07370670985534769,0.8447825476263843,0.07302309921520145,0.0,0.355,0.0,3,Enchente / chuva extrema (baixa),0.0,Estavel
2933257,Vereda,6105,0.577,274.76,0.22050564970160322,0.6398123651260446,0.41994323048194926,0.20358635225706462,0.42300000000000004,0.0007842085598142307,1,Enchente / chuva extrema (moderada),0.5035863522570646,Agravando
2933307,Vitória da Conquista,343643,0.678,555.66,0.5936857591531917,0.26779818770793273,0.5558997040622365,0.7674968251731058,0.32199999999999995,0.003182240143471128,3,Enchente / chuva extrema (baixa),0.7558736812778898,Estavel
2933406,Wagner,9342,0.587,283.34,0.4739045016793622,0.5361605493018408,0.2867146836813902,0.38359740173167045,0.41300000000000003,0.0014880629801447356,1,Enchente / chuva extrema (moderada),0.22797834778516715,Estavel
2933455,Wanderley,12125,0.6,275.76,0.9079309577167993,0.30983723712505773,0.6781702164600909,0.9971757530219051,0.4,0.0039041949163529702,2,Seca (sertao) (moderada),1.0,Estavel
2933505,Wenceslau Guimarães,20862,0.544,257.12,0.29770027551496586,0.4200511909404909,0.2583290911107948,0.33713105609401794,0.45599999999999996,0.0012691857973711094,0,Seca (sertao) (baixa),0.2681595966755866,Estavel
2933604,Xique-Xique,46562,0.585,265.25,0.9831795847820849,0.41508813069404843,0.8409877032315234,1.0,0.41500000000000004,0.0038737481124918836,2,Seca (sertao) (moderada),0.9478773530282992,Estavel
